datetime,open,high,low,close,volume
2026-02-02T14:30:00+00:00,336.1500000000004,337.37000000000035,333.37000000000035,334.67000000000036,5655
2026-02-02T14:45:00+00:00,334.67000000000036,339.2100000000004,333.91000000000037,338.9600000000004,4663
2026-02-02T15:00:00+00:00,338.9600000000004,341.0800000000003,338.3900000000003,340.94000000000034,5026
2026-02-02T15:15:00+00:00,340.94000000000034,342.4600000000004,339.67000000000036,339.72000000000037,4578
2026-02-02T15:30:00+00:00,339.72000000000037,340.76000000000033,339.3900000000003,340.5200000000003,3654
2026-02-02T15:45:00+00:00,340.5200000000003,340.72000000000037,338.87000000000035,339.20000000000033,4503
2026-02-02T16:00:00+00:00,339.20000000000033,339.3300000000003,337.78000000000037,338.87000000000035,3835
2026-02-02T16:15:00+00:00,338.87000000000035,339.5200000000003,338.44000000000034,339.42000000000036,3011
2026-02-02T16:30:00+00:00,339.42000000000036,339.76000000000033,338.7700000000003,339.38000000000034,2795
2026-02-02T16:45:00+00:00,339.38000000000034,340.13000000000034,339.26000000000033,340.04000000000036,2968
2026-02-02T17:00:00+00:00,340.04000000000036,340.18000000000035,339.3900000000003,339.76000000000033,2713
2026-02-02T17:15:00+00:00,339.76000000000033,340.54000000000036,339.5800000000003,340.45000000000033,1417
2026-02-02T17:30:00+00:00,340.45000000000033,340.8300000000003,340.2100000000004,340.67000000000036,1840
2026-02-02T17:45:00+00:00,340.67000000000036,341.35000000000036,340.50000000000034,341.10000000000036,1871
2026-02-02T18:00:00+00:00,341.10000000000036,341.42000000000036,340.68000000000035,340.73000000000036,1785
2026-02-02T18:15:00+00:00,340.73000000000036,341.0800000000003,340.2700000000003,341.00000000000034,2146
2026-02-02T18:30:00+00:00,341.00000000000034,341.3400000000004,340.70000000000033,341.2700000000003,1889
2026-02-02T18:45:00+00:00,341.2700000000003,341.61000000000035,341.01000000000033,341.48000000000036,1657
2026-02-02T19:00:00+00:00,341.48000000000036,341.94000000000034,341.0900000000004,341.70000000000033,1766
2026-02-02T19:15:00+00:00,341.70000000000033,342.25000000000034,341.42000000000036,341.44000000000034,1723
2026-02-02T19:30:00+00:00,341.44000000000034,341.7700000000003,341.07000000000033,341.68000000000035,1890
2026-02-02T19:45:00+00:00,341.68000000000035,342.31000000000034,341.20000000000033,342.10000000000036,2166
2026-02-02T20:00:00+00:00,342.10000000000036,342.3300000000003,341.2700000000003,341.51000000000033,3394
2026-02-02T20:15:00+00:00,341.51000000000033,342.53000000000037,341.47000000000037,341.87000000000035,1919
2026-02-02T20:30:00+00:00,341.87000000000035,342.2700000000003,341.37000000000035,341.88000000000034,2429
2026-02-02T20:45:00+00:00,341.88000000000034,342.38000000000034,341.37000000000035,342.3300000000003,3749
2026-02-03T14:30:00+00:00,342.3300000000003,347.45000000000033,340.94000000000034,342.1500000000004,6488
2026-02-03T14:45:00+00:00,342.1500000000004,345.05000000000035,341.88000000000034,342.38000000000034,5603
2026-02-03T15:00:00+00:00,342.38000000000034,342.49000000000035,339.42000000000036,340.79000000000036,7081
2026-02-03T15:15:00+00:00,340.79000000000036,342.57000000000033,339.72000000000037,341.93000000000035,5970
2026-02-03T15:30:00+00:00,341.93000000000035,342.1500000000004,340.05000000000035,341.66000000000037,6837
2026-02-03T15:45:00+00:00,341.66000000000037,344.04000000000036,341.30000000000035,343.72000000000037,6383
2026-02-03T16:00:00+00:00,343.72000000000037,343.72000000000037,342.06000000000034,342.37000000000035,5847
2026-02-03T16:15:00+00:00,342.37000000000035,342.7100000000004,341.12000000000035,341.54000000000036,4968
2026-02-03T16:30:00+00:00,341.54000000000036,341.81000000000034,340.68000000000035,341.61000000000035,4683
2026-02-03T16:45:00+00:00,341.61000000000035,342.36000000000035,341.20000000000033,341.28000000000037,4554
2026-02-03T17:00:00+00:00,341.28000000000037,341.56000000000034,339.92000000000036,340.37000000000035,4834
2026-02-03T17:15:00+00:00,340.37000000000035,340.8400000000004,339.67000000000036,339.7100000000004,5391
2026-02-03T17:30:00+00:00,339.7100000000004,339.75000000000034,337.95000000000033,338.19000000000034,3621
2026-02-03T17:45:00+00:00,338.19000000000034,339.99000000000035,338.1400000000003,339.32000000000033,3293
2026-02-03T18:00:00+00:00,339.32000000000033,339.3900000000003,337.67000000000036,337.8900000000003,3577
2026-02-03T18:15:00+00:00,337.8900000000003,339.25000000000034,337.8900000000003,338.55000000000035,3381
2026-02-03T18:30:00+00:00,338.55000000000035,338.55000000000035,337.2700000000003,337.4000000000004,3998
2026-02-03T18:45:00+00:00,337.4000000000004,337.48000000000036,336.2700000000003,336.3400000000004,3207
2026-02-03T19:00:00+00:00,336.3400000000004,337.91000000000037,335.92000000000036,337.79000000000036,4398
2026-02-03T19:15:00+00:00,337.79000000000036,338.19000000000034,336.8900000000003,336.99000000000035,4032
2026-02-03T19:30:00+00:00,336.99000000000035,337.81000000000034,336.63000000000034,336.7100000000004,3886
2026-02-03T19:45:00+00:00,336.7100000000004,337.68000000000035,336.37000000000035,337.50000000000034,3878
2026-02-03T20:00:00+00:00,337.50000000000034,337.6400000000003,336.45000000000033,336.99000000000035,2488
2026-02-03T20:15:00+00:00,336.99000000000035,337.81000000000034,336.7700000000003,337.7700000000003,2289
2026-02-03T20:30:00+00:00,337.7700000000003,338.86000000000035,337.76000000000033,338.37000000000035,2616
2026-02-03T20:45:00+00:00,338.37000000000035,338.53000000000037,337.4000000000004,338.0800000000003,3209
2026-02-04T14:30:00+00:00,338.0800000000003,341.56000000000034,337.98000000000036,339.66000000000037,7012
2026-02-04T14:45:00+00:00,339.66000000000037,339.93000000000035,334.47000000000037,334.81000000000034,7887
2026-02-04T15:00:00+00:00,334.81000000000034,335.69000000000034,333.57000000000033,333.82000000000033,7683
2026-02-04T15:15:00+00:00,333.82000000000033,336.0200000000003,333.24000000000035,334.28000000000037,7794
2026-02-04T15:30:00+00:00,334.28000000000037,334.28000000000037,331.3300000000003,333.1400000000003,7631
2026-02-04T15:45:00+00:00,333.1400000000003,333.4000000000004,331.4000000000004,331.98000000000036,7063
2026-02-04T16:00:00+00:00,331.98000000000036,332.47000000000037,330.97000000000037,332.04000000000036,6533
2026-02-04T16:15:00+00:00,332.04000000000036,332.20000000000033,330.73000000000036,332.03000000000037,5822
2026-02-04T16:30:00+00:00,332.03000000000037,332.06000000000034,330.22000000000037,330.23000000000036,3883
2026-02-04T16:45:00+00:00,330.23000000000036,331.01000000000033,328.45000000000033,330.8900000000003,6022
2026-02-04T17:00:00+00:00,330.8900000000003,331.79000000000036,330.4600000000004,331.6500000000004,5621
2026-02-04T17:15:00+00:00,331.6500000000004,331.81000000000034,329.29000000000036,329.38000000000034,5812
2026-02-04T17:30:00+00:00,329.38000000000034,330.04000000000036,327.32000000000033,327.72000000000037,5323
2026-02-04T17:45:00+00:00,327.72000000000037,329.63000000000034,326.72000000000037,329.51000000000033,5821
2026-02-04T18:00:00+00:00,329.51000000000033,329.95000000000033,328.42000000000036,329.17000000000036,5573
2026-02-04T18:15:00+00:00,329.17000000000036,331.3900000000003,328.68000000000035,331.38000000000034,5602
2026-02-04T18:30:00+00:00,331.38000000000034,331.56000000000034,330.23000000000036,330.51000000000033,5511
2026-02-04T18:45:00+00:00,330.51000000000033,330.67000000000036,329.3900000000003,330.0200000000003,4695
2026-02-04T19:00:00+00:00,330.0200000000003,330.48000000000036,328.5800000000003,328.7700000000003,4974
2026-02-04T19:15:00+00:00,328.7700000000003,329.97000000000037,327.75000000000034,329.74000000000035,4753
2026-02-04T19:30:00+00:00,329.74000000000035,331.49000000000035,329.66000000000037,331.2700000000003,3484
2026-02-04T19:45:00+00:00,331.2700000000003,332.50000000000034,331.0800000000003,331.44000000000034,5166
2026-02-04T20:00:00+00:00,331.44000000000034,331.5200000000003,330.19000000000034,330.5900000000004,3996
2026-02-04T20:15:00+00:00,330.5900000000004,332.0200000000003,330.54000000000036,331.66000000000037,3011
2026-02-04T20:30:00+00:00,331.66000000000037,331.9000000000004,330.85000000000036,331.10000000000036,2640
2026-02-04T20:45:00+00:00,331.10000000000036,331.92000000000036,330.19000000000034,330.93000000000035,4463
2026-02-05T14:30:00+00:00,330.93000000000035,330.93000000000035,304.29000000000036,323.6400000000003,8863
2026-02-05T14:45:00+00:00,323.6400000000003,323.76000000000033,319.04000000000036,319.41000000000037,8960
2026-02-05T15:00:00+00:00,319.41000000000037,320.18000000000035,315.67000000000036,315.7100000000004,7374
2026-02-05T15:15:00+00:00,315.7100000000004,317.8900000000003,314.53000000000037,314.66000000000037,6340
2026-02-05T15:30:00+00:00,314.66000000000037,317.68000000000035,314.47000000000037,317.2100000000004,6720
2026-02-05T15:45:00+00:00,317.2100000000004,317.32000000000033,314.5200000000003,315.3300000000003,7226
2026-02-05T16:00:00+00:00,315.3300000000003,318.2100000000004,315.20000000000033,316.68000000000035,6982
2026-02-05T16:15:00+00:00,316.68000000000035,321.41000000000037,316.67000000000036,321.35000000000036,6609
2026-02-05T16:30:00+00:00,321.35000000000036,322.3900000000003,320.82000000000033,321.75000000000034,6258
2026-02-05T16:45:00+00:00,321.75000000000034,321.78000000000037,319.60000000000036,320.42000000000036,6510
2026-02-05T17:00:00+00:00,320.42000000000036,321.19000000000034,319.57000000000033,320.23000000000036,5882
2026-02-05T17:15:00+00:00,320.23000000000036,321.3300000000003,319.2100000000004,320.99000000000035,6060
2026-02-05T17:30:00+00:00,320.99000000000035,322.31000000000034,319.69000000000034,322.05000000000035,4814
2026-02-05T17:45:00+00:00,322.05000000000035,323.53000000000037,321.49000000000035,321.73000000000036,5215
2026-02-05T18:00:00+00:00,321.73000000000036,323.03000000000037,321.51000000000033,322.51000000000033,5107
2026-02-05T18:15:00+00:00,322.51000000000033,323.75000000000034,322.22000000000037,323.1400000000003,5032
2026-02-05T18:30:00+00:00,323.1400000000003,323.81000000000034,322.88000000000034,322.94000000000034,5283
2026-02-05T18:45:00+00:00,322.94000000000034,323.76000000000033,322.44000000000034,323.6500000000004,4651
2026-02-05T19:00:00+00:00,323.6500000000004,327.4000000000004,323.42000000000036,327.26000000000033,5152
2026-02-05T19:15:00+00:00,327.26000000000033,328.81000000000034,327.01000000000033,327.5900000000004,5887
2026-02-05T19:30:00+00:00,327.5900000000004,328.31000000000034,326.17000000000036,326.2100000000004,6052
2026-02-05T19:45:00+00:00,326.2100000000004,326.86000000000035,325.47000000000037,326.69000000000034,4726
2026-02-05T20:00:00+00:00,326.69000000000034,329.79000000000036,326.37000000000035,328.60000000000036,3670
2026-02-05T20:15:00+00:00,328.60000000000036,329.26000000000033,327.38000000000034,327.69000000000034,4246
2026-02-05T20:30:00+00:00,327.69000000000034,328.9000000000004,327.16000000000037,327.76000000000033,4130
2026-02-05T20:45:00+00:00,327.76000000000033,329.98000000000036,327.62000000000035,328.7100000000004,5769
2026-02-06T14:30:00+00:00,328.7100000000004,328.7100000000004,321.92000000000036,324.0800000000003,6960
2026-02-06T14:45:00+00:00,324.0800000000003,326.5900000000004,320.3900000000003,320.4000000000004,7071
2026-02-06T15:00:00+00:00,320.4000000000004,321.13000000000034,317.49000000000035,317.81000000000034,10294
2026-02-06T15:15:00+00:00,317.81000000000034,321.0900000000004,317.70000000000033,320.56000000000034,9002
2026-02-06T15:30:00+00:00,320.56000000000034,321.8900000000003,319.8400000000004,319.9600000000004,9240
2026-02-06T15:45:00+00:00,319.9600000000004,321.13000000000034,318.2700000000003,319.0200000000003,6713
2026-02-06T16:00:00+00:00,319.0200000000003,320.99000000000035,318.78000000000037,320.3400000000004,5282
2026-02-06T16:15:00+00:00,320.3400000000004,320.49000000000035,318.8300000000003,319.29000000000036,6064
2026-02-06T16:30:00+00:00,319.29000000000036,320.3300000000003,319.07000000000033,319.63000000000034,5231
2026-02-06T16:45:00+00:00,319.63000000000034,320.62000000000035,318.91000000000037,319.45000000000033,4834
2026-02-06T17:00:00+00:00,319.45000000000033,319.8400000000004,319.1400000000003,319.24000000000035,4792
2026-02-06T17:15:00+00:00,319.24000000000035,320.75000000000034,318.88000000000034,320.0900000000004,4602
2026-02-06T17:30:00+00:00,320.0900000000004,320.73000000000036,319.82000000000033,320.5900000000004,4046
2026-02-06T17:45:00+00:00,320.5900000000004,322.85000000000036,320.55000000000035,322.04000000000036,4163
2026-02-06T18:00:00+00:00,322.04000000000036,323.30000000000035,322.0200000000003,322.5200000000003,4574
2026-02-06T18:15:00+00:00,322.5200000000003,322.8900000000003,322.18000000000035,322.5800000000003,3620
2026-02-06T18:30:00+00:00,322.5800000000003,322.93000000000035,322.24000000000035,322.56000000000034,3388
2026-02-06T18:45:00+00:00,322.56000000000034,323.30000000000035,322.25000000000034,322.50000000000034,2931
2026-02-06T19:00:00+00:00,322.50000000000034,322.95000000000033,322.19000000000034,322.30000000000035,2684
2026-02-06T19:15:00+00:00,322.30000000000035,322.44000000000034,321.43000000000035,322.06000000000034,3299
2026-02-06T19:30:00+00:00,322.06000000000034,322.18000000000035,320.54000000000036,320.5900000000004,2660
2026-02-06T19:45:00+00:00,320.5900000000004,320.97000000000037,319.2700000000003,319.2700000000003,2724
2026-02-06T20:00:00+00:00,319.2700000000003,320.35000000000036,319.13000000000034,320.24000000000035,2382
2026-02-06T20:15:00+00:00,320.24000000000035,320.69000000000034,319.93000000000035,320.25000000000034,2274
2026-02-06T20:30:00+00:00,320.25000000000034,320.45000000000033,319.6500000000004,320.24000000000035,2397
2026-02-06T20:45:00+00:00,320.24000000000035,322.31000000000034,319.98000000000036,320.5200000000003,5299
2026-02-09T14:30:00+00:00,320.5200000000003,321.23000000000036,314.98000000000036,319.30000000000035,6849
2026-02-09T14:45:00+00:00,319.30000000000035,319.82000000000033,316.80000000000035,317.1400000000003,7183
2026-02-09T15:00:00+00:00,317.1400000000003,320.8400000000004,317.00000000000034,320.10000000000036,7159
2026-02-09T15:15:00+00:00,320.10000000000036,320.88000000000034,319.37000000000035,319.75000000000034,5409
2026-02-09T15:30:00+00:00,319.75000000000034,320.69000000000034,319.43000000000035,320.01000000000033,4508
2026-02-09T15:45:00+00:00,320.01000000000033,322.3300000000003,319.87000000000035,322.18000000000035,4239
2026-02-09T16:00:00+00:00,322.18000000000035,323.1400000000003,321.55000000000035,323.0800000000003,3738
2026-02-09T16:15:00+00:00,323.0800000000003,323.7100000000004,322.5900000000004,323.20000000000033,3177
2026-02-09T16:30:00+00:00,323.20000000000033,323.32000000000033,322.44000000000034,322.74000000000035,3559
2026-02-09T16:45:00+00:00,322.74000000000035,325.0800000000003,322.69000000000034,324.32000000000033,4573
2026-02-09T17:00:00+00:00,324.32000000000033,324.8300000000003,323.7100000000004,324.67000000000036,3873
2026-02-09T17:15:00+00:00,324.67000000000036,324.9000000000004,323.2700000000003,323.47000000000037,3631
2026-02-09T17:30:00+00:00,323.47000000000037,324.25000000000034,322.93000000000035,323.68000000000035,2743
2026-02-09T17:45:00+00:00,323.68000000000035,323.9000000000004,322.5200000000003,322.68000000000035,2767
2026-02-09T18:00:00+00:00,322.68000000000035,323.12000000000035,322.3900000000003,322.56000000000034,2980
2026-02-09T18:15:00+00:00,322.56000000000034,322.73000000000036,322.03000000000037,322.30000000000035,3318
2026-02-09T18:30:00+00:00,322.30000000000035,322.57000000000033,322.10000000000036,322.3400000000004,2573
2026-02-09T18:45:00+00:00,322.3400000000004,322.5800000000003,321.9000000000004,321.93000000000035,1976
2026-02-09T19:00:00+00:00,321.93000000000035,322.3300000000003,321.82000000000033,322.17000000000036,1630
2026-02-09T19:15:00+00:00,322.17000000000036,322.7100000000004,322.0900000000004,322.66000000000037,1354
2026-02-09T19:30:00+00:00,322.66000000000037,322.86000000000035,322.2700000000003,322.30000000000035,811
2026-02-09T19:45:00+00:00,322.30000000000035,322.66000000000037,322.0800000000003,322.1500000000004,917
2026-02-09T20:00:00+00:00,322.1500000000004,322.41000000000037,322.03000000000037,322.23000000000036,1048
2026-02-09T20:15:00+00:00,322.23000000000036,322.25000000000034,320.8400000000004,320.8400000000004,1542
2026-02-09T20:30:00+00:00,320.8400000000004,321.3900000000003,320.70000000000033,321.11000000000035,2132
2026-02-09T20:45:00+00:00,321.11000000000035,322.03000000000037,320.72000000000037,321.76000000000033,3358
2026-02-10T14:30:00+00:00,321.76000000000033,321.76000000000033,312.4000000000004,312.47000000000037,6192
2026-02-10T14:45:00+00:00,312.47000000000037,315.47000000000037,312.00000000000034,314.63000000000034,5835
2026-02-10T15:00:00+00:00,314.63000000000034,317.1500000000004,314.53000000000037,316.92000000000036,4685
2026-02-10T15:15:00+00:00,316.92000000000036,317.42000000000036,316.24000000000035,316.5800000000003,4222
2026-02-10T15:30:00+00:00,316.5800000000003,317.5800000000003,315.93000000000035,316.04000000000036,3949
2026-02-10T15:45:00+00:00,316.04000000000036,316.0900000000004,314.17000000000036,314.79000000000036,3221
2026-02-10T16:00:00+00:00,314.79000000000036,316.26000000000033,314.70000000000033,315.20000000000033,4852
2026-02-10T16:15:00+00:00,315.20000000000033,315.93000000000035,315.01000000000033,315.43000000000035,4346
2026-02-10T16:30:00+00:00,315.43000000000035,315.57000000000033,314.97000000000037,315.53000000000037,3946
2026-02-10T16:45:00+00:00,315.53000000000037,316.53000000000037,315.50000000000034,315.80000000000035,3671
2026-02-10T17:00:00+00:00,315.80000000000035,316.98000000000036,315.5800000000003,316.5800000000003,3151
2026-02-10T17:15:00+00:00,316.5800000000003,317.05000000000035,316.12000000000035,316.53000000000037,2781
2026-02-10T17:30:00+00:00,316.53000000000037,316.99000000000035,316.47000000000037,316.48000000000036,2364
2026-02-10T17:45:00+00:00,316.48000000000036,316.85000000000036,315.9600000000004,315.99000000000035,1985
2026-02-10T18:00:00+00:00,315.99000000000035,316.54000000000036,315.62000000000035,316.37000000000035,2681
2026-02-10T18:15:00+00:00,316.37000000000035,316.8300000000003,315.88000000000034,316.74000000000035,3678
2026-02-10T18:30:00+00:00,316.74000000000035,316.81000000000034,316.2100000000004,316.25000000000034,3847
2026-02-10T18:45:00+00:00,316.25000000000034,316.68000000000035,315.8900000000003,316.49000000000035,2700
2026-02-10T19:00:00+00:00,316.49000000000035,316.5900000000004,315.97000000000037,316.37000000000035,2607
2026-02-10T19:15:00+00:00,316.37000000000035,316.66000000000037,316.0200000000003,316.47000000000037,2257
2026-02-10T19:30:00+00:00,316.47000000000037,317.18000000000035,316.42000000000036,316.79000000000036,2301
2026-02-10T19:45:00+00:00,316.79000000000036,317.16000000000037,316.67000000000036,317.07000000000033,2050
2026-02-10T20:00:00+00:00,317.07000000000033,317.1500000000004,316.7700000000003,316.95000000000033,1369
2026-02-10T20:15:00+00:00,316.95000000000033,317.66000000000037,316.92000000000036,317.45000000000033,1511
2026-02-10T20:30:00+00:00,317.45000000000033,317.74000000000035,316.78000000000037,316.93000000000035,1593
2026-02-10T20:45:00+00:00,316.93000000000035,317.1500000000004,315.76000000000033,316.01000000000033,3632
2026-02-11T14:30:00+00:00,316.01000000000033,318.38000000000034,314.88000000000034,315.11000000000035,5850
2026-02-11T14:45:00+00:00,315.11000000000035,315.68000000000035,313.06000000000034,313.4000000000004,5690
2026-02-11T15:00:00+00:00,313.4000000000004,314.50000000000034,311.44000000000034,311.8900000000003,5930
2026-02-11T15:15:00+00:00,311.8900000000003,312.29000000000036,309.11000000000035,309.2100000000004,5717
2026-02-11T15:30:00+00:00,309.2100000000004,310.62000000000035,309.12000000000035,309.95000000000033,5314
2026-02-11T15:45:00+00:00,309.95000000000033,311.23000000000036,309.16000000000037,310.11000000000035,5597
2026-02-11T16:00:00+00:00,310.11000000000035,310.99000000000035,309.55000000000035,310.23000000000036,5548
2026-02-11T16:15:00+00:00,310.23000000000036,310.3300000000003,308.29000000000036,308.54000000000036,3720
2026-02-11T16:30:00+00:00,308.54000000000036,309.85000000000036,308.28000000000037,309.5200000000003,3401
2026-02-11T16:45:00+00:00,309.5200000000003,309.94000000000034,308.95000000000033,308.9600000000004,3372
2026-02-11T17:00:00+00:00,308.9600000000004,309.99000000000035,308.57000000000033,309.7100000000004,2493
2026-02-11T17:15:00+00:00,309.7100000000004,310.24000000000035,308.98000000000036,310.20000000000033,2399
2026-02-11T17:30:00+00:00,310.20000000000033,310.25000000000034,309.29000000000036,309.63000000000034,2923
2026-02-11T17:45:00+00:00,309.63000000000034,310.4000000000004,308.67000000000036,308.94000000000034,2241
2026-02-11T18:00:00+00:00,308.94000000000034,309.11000000000035,308.07000000000033,308.45000000000033,2103
2026-02-11T18:15:00+00:00,308.45000000000033,309.70000000000033,308.37000000000035,309.66000000000037,2065
2026-02-11T18:30:00+00:00,309.66000000000037,310.24000000000035,309.18000000000035,309.70000000000033,2837
2026-02-11T18:45:00+00:00,309.70000000000033,310.05000000000035,309.47000000000037,309.68000000000035,2694
2026-02-11T19:00:00+00:00,309.68000000000035,309.76000000000033,308.3900000000003,308.88000000000034,2781
2026-02-11T19:15:00+00:00,308.88000000000034,310.18000000000035,308.87000000000035,310.0900000000004,2691
2026-02-11T19:30:00+00:00,310.0900000000004,310.3300000000003,309.5200000000003,309.67000000000036,1906
2026-02-11T19:45:00+00:00,309.67000000000036,309.80000000000035,308.5200000000003,308.67000000000036,3985
2026-02-11T20:00:00+00:00,308.67000000000036,309.20000000000033,308.5800000000003,308.87000000000035,1856
2026-02-11T20:15:00+00:00,308.87000000000035,309.1500000000004,307.8900000000003,308.05000000000035,1992
2026-02-11T20:30:00+00:00,308.05000000000035,308.78000000000037,307.50000000000034,308.63000000000034,2265
2026-02-11T20:45:00+00:00,308.63000000000034,308.95000000000033,308.1400000000003,308.44000000000034,3838
2026-02-12T14:30:00+00:00,308.44000000000034,310.01000000000033,307.79000000000036,308.76000000000033,4369
2026-02-12T14:45:00+00:00,308.76000000000033,309.61000000000035,307.75000000000034,308.93000000000035,5718
2026-02-12T15:00:00+00:00,308.93000000000035,310.32000000000033,308.24000000000035,309.86000000000035,5112
2026-02-12T15:15:00+00:00,309.86000000000035,310.97000000000037,309.38000000000034,310.74000000000035,5064
2026-02-12T15:30:00+00:00,310.74000000000035,311.13000000000034,307.60000000000036,307.63000000000034,5151
2026-02-12T15:45:00+00:00,307.63000000000034,308.97000000000037,307.56000000000034,308.17000000000036,5344
2026-02-12T16:00:00+00:00,308.17000000000036,308.85000000000036,307.30000000000035,307.70000000000033,5963
2026-02-12T16:15:00+00:00,307.70000000000033,308.8300000000003,307.1400000000003,308.4600000000004,5874
2026-02-12T16:30:00+00:00,308.4600000000004,313.8400000000004,308.38000000000034,312.94000000000034,6649
2026-02-12T16:45:00+00:00,312.94000000000034,313.55000000000035,310.28000000000037,311.49000000000035,7214
2026-02-12T17:00:00+00:00,311.49000000000035,311.93000000000035,310.4000000000004,311.5900000000004,5088
2026-02-12T17:15:00+00:00,311.5900000000004,312.2700000000003,311.00000000000034,311.76000000000033,4773
2026-02-12T17:30:00+00:00,311.76000000000033,312.61000000000035,311.5800000000003,312.23000000000036,4154
2026-02-12T17:45:00+00:00,312.23000000000036,312.23000000000036,310.05000000000035,310.31000000000034,3834
2026-02-12T18:00:00+00:00,310.31000000000034,312.17000000000036,309.67000000000036,311.76000000000033,4958
2026-02-12T18:15:00+00:00,311.76000000000033,311.8300000000003,309.70000000000033,310.32000000000033,5165
2026-02-12T18:30:00+00:00,310.32000000000033,311.22000000000037,309.57000000000033,310.8400000000004,5628
2026-02-12T18:45:00+00:00,310.8400000000004,310.95000000000033,309.3400000000004,309.35000000000036,4182
2026-02-12T19:00:00+00:00,309.35000000000036,309.49000000000035,307.76000000000033,307.81000000000034,3773
2026-02-12T19:15:00+00:00,307.81000000000034,309.01000000000033,307.68000000000035,307.7700000000003,4007
2026-02-12T19:30:00+00:00,307.7700000000003,308.62000000000035,307.68000000000035,308.12000000000035,4546
2026-02-12T19:45:00+00:00,308.12000000000035,308.69000000000034,307.49000000000035,307.88000000000034,3322
2026-02-12T20:00:00+00:00,307.88000000000034,308.05000000000035,306.69000000000034,307.41000000000037,2410
2026-02-12T20:15:00+00:00,307.41000000000037,307.72000000000037,305.63000000000034,305.67000000000036,2102
2026-02-12T20:30:00+00:00,305.67000000000036,306.8400000000004,305.5200000000003,306.10000000000036,2564
2026-02-12T20:45:00+00:00,306.10000000000036,306.9600000000004,305.50000000000034,306.70000000000033,4101
2026-02-13T14:30:00+00:00,306.70000000000033,306.70000000000033,301.2700000000003,303.54000000000036,6683
2026-02-13T14:45:00+00:00,303.54000000000036,305.67000000000036,302.63000000000034,303.88000000000034,6961
2026-02-13T15:00:00+00:00,303.88000000000034,305.12000000000035,303.05000000000035,303.82000000000033,6203
2026-02-13T15:15:00+00:00,303.82000000000033,305.04000000000036,303.43000000000035,304.8900000000003,5854
2026-02-13T15:30:00+00:00,304.8900000000003,305.3900000000003,303.2100000000004,303.73000000000036,6409
2026-02-13T15:45:00+00:00,303.73000000000036,304.30000000000035,302.5200000000003,303.72000000000037,5917
2026-02-13T16:00:00+00:00,303.72000000000037,304.66000000000037,303.5900000000004,303.95000000000033,4699
2026-02-13T16:15:00+00:00,303.95000000000033,304.0900000000004,302.22000000000037,303.31000000000034,4283
2026-02-13T16:30:00+00:00,303.31000000000034,303.9000000000004,302.87000000000035,303.8300000000003,4895
2026-02-13T16:45:00+00:00,303.8300000000003,304.5800000000003,303.42000000000036,304.16000000000037,3917
2026-02-13T17:00:00+00:00,304.16000000000037,304.5800000000003,303.92000000000036,304.48000000000036,2902
2026-02-13T17:15:00+00:00,304.48000000000036,304.91000000000037,303.87000000000035,304.57000000000033,3613
2026-02-13T17:30:00+00:00,304.57000000000033,304.9600000000004,304.13000000000034,304.16000000000037,3014
2026-02-13T17:45:00+00:00,304.16000000000037,304.5200000000003,303.79000000000036,304.0200000000003,3264
2026-02-13T18:00:00+00:00,304.0200000000003,304.78000000000037,303.72000000000037,304.3300000000003,3273
2026-02-13T18:15:00+00:00,304.3300000000003,305.60000000000036,304.12000000000035,305.31000000000034,2895
2026-02-13T18:30:00+00:00,305.31000000000034,305.51000000000033,304.62000000000035,304.82000000000033,3832
2026-02-13T18:45:00+00:00,304.82000000000033,305.4000000000004,304.5200000000003,305.10000000000036,3506
2026-02-13T19:00:00+00:00,305.10000000000036,305.3400000000004,304.54000000000036,305.31000000000034,2503
2026-02-13T19:15:00+00:00,305.31000000000034,305.55000000000035,304.88000000000034,305.2100000000004,2265
2026-02-13T19:30:00+00:00,305.2100000000004,305.49000000000035,304.87000000000035,305.10000000000036,3172
2026-02-13T19:45:00+00:00,305.10000000000036,305.41000000000037,304.30000000000035,304.3900000000003,2393
2026-02-13T20:00:00+00:00,304.3900000000003,304.72000000000037,303.73000000000036,303.74000000000035,2713
2026-02-13T20:15:00+00:00,303.74000000000035,304.37000000000035,302.22000000000037,302.24000000000035,3303
2026-02-13T20:30:00+00:00,302.24000000000035,303.1400000000003,302.24000000000035,302.6400000000003,3160
2026-02-13T20:45:00+00:00,302.6400000000003,303.68000000000035,302.5900000000004,303.2700000000003,4626
2026-02-17T14:30:00+00:00,303.2700000000003,303.2700000000003,296.57000000000033,298.78000000000037,6077
2026-02-17T14:45:00+00:00,298.78000000000037,299.23000000000036,295.03000000000037,295.3900000000003,7167
2026-02-17T15:00:00+00:00,295.3900000000003,297.22000000000037,295.10000000000036,295.63000000000034,7144
2026-02-17T15:15:00+00:00,295.63000000000034,297.36000000000035,295.48000000000036,295.63000000000034,7035
2026-02-17T15:30:00+00:00,295.63000000000034,296.24000000000035,294.25000000000034,295.88000000000034,7147
2026-02-17T15:45:00+00:00,295.88000000000034,297.61000000000035,295.18000000000035,297.4600000000004,5226
2026-02-17T16:00:00+00:00,297.4600000000004,300.4600000000004,297.3900000000003,299.95000000000033,5412
2026-02-17T16:15:00+00:00,299.95000000000033,300.81000000000034,298.76000000000033,298.9000000000004,6336
2026-02-17T16:30:00+00:00,298.9000000000004,299.6500000000004,298.32000000000033,298.98000000000036,5902
2026-02-17T16:45:00+00:00,298.98000000000036,299.74000000000035,298.79000000000036,299.57000000000033,5175
2026-02-17T17:00:00+00:00,299.57000000000033,299.9600000000004,298.5200000000003,298.69000000000034,4945
2026-02-17T17:15:00+00:00,298.69000000000034,299.51000000000033,298.37000000000035,299.50000000000034,5210
2026-02-17T17:30:00+00:00,299.50000000000034,299.54000000000036,297.94000000000034,298.01000000000033,5193
2026-02-17T17:45:00+00:00,298.01000000000033,298.76000000000033,297.53000000000037,298.61000000000035,4868
2026-02-17T18:00:00+00:00,298.61000000000035,298.8400000000004,298.05000000000035,298.55000000000035,4958
2026-02-17T18:15:00+00:00,298.55000000000035,300.23000000000036,298.37000000000035,299.93000000000035,5079
2026-02-17T18:30:00+00:00,299.93000000000035,300.6400000000003,299.68000000000035,300.2700000000003,4387
2026-02-17T18:45:00+00:00,300.2700000000003,300.8300000000003,299.5800000000003,300.41000000000037,3986
2026-02-17T19:00:00+00:00,300.41000000000037,300.94000000000034,300.19000000000034,300.57000000000033,3860
2026-02-17T19:15:00+00:00,300.57000000000033,300.79000000000036,300.2100000000004,300.3400000000004,3182
2026-02-17T19:30:00+00:00,300.3400000000004,301.36000000000035,300.32000000000033,301.05000000000035,3114
2026-02-17T19:45:00+00:00,301.05000000000035,301.0900000000004,300.20000000000033,300.28000000000037,2566
2026-02-17T20:00:00+00:00,300.28000000000037,300.45000000000033,299.55000000000035,299.95000000000033,2528
2026-02-17T20:15:00+00:00,299.95000000000033,300.01000000000033,299.3900000000003,299.50000000000034,2305
2026-02-17T20:30:00+00:00,299.50000000000034,299.92000000000036,299.1400000000003,299.63000000000034,2598
2026-02-17T20:45:00+00:00,299.63000000000034,300.51000000000033,299.37000000000035,300.3400000000004,4299
2026-02-18T14:30:00+00:00,300.3400000000004,302.7700000000003,299.38000000000034,300.91000000000037,4860
2026-02-18T14:45:00+00:00,300.91000000000037,301.56000000000034,299.37000000000035,301.29000000000036,4204
2026-02-18T15:00:00+00:00,301.29000000000036,302.11000000000035,300.87000000000035,301.50000000000034,4608
2026-02-18T15:15:00+00:00,301.50000000000034,301.6400000000003,300.30000000000035,300.61000000000035,4446
2026-02-18T15:30:00+00:00,300.61000000000035,301.4000000000004,299.92000000000036,301.3900000000003,4719
2026-02-18T15:45:00+00:00,301.3900000000003,302.0800000000003,301.04000000000036,301.75000000000034,3679
2026-02-18T16:00:00+00:00,301.75000000000034,302.0800000000003,301.36000000000035,301.66000000000037,3436
2026-02-18T16:15:00+00:00,301.66000000000037,301.93000000000035,301.17000000000036,301.7700000000003,2877
2026-02-18T16:30:00+00:00,301.7700000000003,302.5200000000003,301.62000000000035,302.11000000000035,3010
2026-02-18T16:45:00+00:00,302.11000000000035,302.22000000000037,301.32000000000033,301.3300000000003,2906
2026-02-18T17:00:00+00:00,301.3300000000003,302.35000000000036,301.3300000000003,301.9600000000004,3051
2026-02-18T17:15:00+00:00,301.9600000000004,302.5900000000004,301.76000000000033,301.76000000000033,2285
2026-02-18T17:30:00+00:00,301.76000000000033,302.05000000000035,301.5200000000003,302.00000000000034,2136
2026-02-18T17:45:00+00:00,302.00000000000034,302.8300000000003,301.8900000000003,302.63000000000034,2195
2026-02-18T18:00:00+00:00,302.63000000000034,303.2700000000003,302.45000000000033,302.47000000000037,2154
2026-02-18T18:15:00+00:00,302.47000000000037,302.7100000000004,301.8400000000004,301.95000000000033,2250
2026-02-18T18:30:00+00:00,301.95000000000033,302.3400000000004,301.18000000000035,301.48000000000036,2445
2026-02-18T18:45:00+00:00,301.48000000000036,301.8900000000004,300.91000000000037,301.60000000000036,2795
2026-02-18T19:00:00+00:00,301.60000000000036,302.0700000000004,301.30000000000035,301.60000000000036,2279
2026-02-18T19:15:00+00:00,301.60000000000036,301.6400000000004,300.92000000000036,300.97000000000037,2747
2026-02-18T19:30:00+00:00,300.97000000000037,301.2600000000004,300.22000000000037,300.28000000000037,3904
2026-02-18T19:45:00+00:00,300.28000000000037,300.72000000000037,299.6300000000004,299.8300000000004,3342
2026-02-18T20:00:00+00:00,299.8300000000004,300.5200000000004,299.4000000000004,299.67000000000036,2945
2026-02-18T20:15:00+00:00,299.67000000000036,299.98000000000036,299.36000000000035,299.67000000000036,2562
2026-02-18T20:30:00+00:00,299.67000000000036,300.8100000000004,299.5900000000004,300.67000000000036,2336
2026-02-18T20:45:00+00:00,300.67000000000036,302.05000000000035,300.5100000000004,301.3800000000004,3684
2026-02-19T14:30:00+00:00,301.3800000000004,301.3800000000004,298.2100000000004,299.47000000000037,5375
2026-02-19T14:45:00+00:00,299.47000000000037,301.36000000000035,298.6400000000004,300.87000000000035,5628
2026-02-19T15:00:00+00:00,300.87000000000035,302.24000000000035,300.3400000000004,300.97000000000037,5327
2026-02-19T15:15:00+00:00,300.97000000000037,301.85000000000036,300.74000000000035,300.8200000000004,4669
2026-02-19T15:30:00+00:00,300.8200000000004,301.3300000000004,300.12000000000035,300.7100000000004,3830
2026-02-19T15:45:00+00:00,300.7100000000004,301.31000000000034,300.0200000000004,301.31000000000034,4162
2026-02-19T16:00:00+00:00,301.31000000000034,301.93000000000035,300.12000000000035,301.8800000000004,4009
2026-02-19T16:15:00+00:00,301.8800000000004,303.60000000000036,301.8200000000004,302.80000000000035,3847
2026-02-19T16:30:00+00:00,302.80000000000035,303.37000000000035,301.72000000000037,301.86000000000035,4375
2026-02-19T16:45:00+00:00,301.86000000000035,302.1400000000004,300.80000000000035,301.49000000000035,4353
2026-02-19T17:00:00+00:00,301.49000000000035,301.7700000000004,300.98000000000036,301.4600000000004,3864
2026-02-19T17:15:00+00:00,301.4600000000004,302.6400000000004,301.2600000000004,301.98000000000036,3767
2026-02-19T17:30:00+00:00,301.98000000000036,303.03000000000037,301.9000000000004,302.6500000000004,2885
2026-02-19T17:45:00+00:00,302.6500000000004,302.78000000000037,301.6500000000004,301.7000000000004,3825
2026-02-19T18:00:00+00:00,301.7000000000004,302.93000000000035,301.60000000000036,302.9000000000004,3878
2026-02-19T18:15:00+00:00,302.9000000000004,302.9400000000004,301.9400000000004,302.24000000000035,3021
2026-02-19T18:30:00+00:00,302.24000000000035,302.30000000000035,301.60000000000036,301.99000000000035,2444
2026-02-19T18:45:00+00:00,301.99000000000035,302.67000000000036,301.92000000000036,302.6300000000004,2139
2026-02-19T19:00:00+00:00,302.6300000000004,302.6500000000004,301.9500000000004,302.2700000000004,2424
2026-02-19T19:15:00+00:00,302.2700000000004,302.85000000000036,302.00000000000034,302.2000000000004,2225
2026-02-19T19:30:00+00:00,302.2000000000004,302.5100000000004,301.0800000000004,301.23000000000036,2510
2026-02-19T19:45:00+00:00,301.23000000000036,301.68000000000035,300.8900000000004,301.3200000000004,2517
2026-02-19T20:00:00+00:00,301.3200000000004,301.78000000000037,300.7000000000004,300.86000000000035,2457
2026-02-19T20:15:00+00:00,300.86000000000035,301.11000000000035,300.5700000000004,300.91000000000037,2474
2026-02-19T20:30:00+00:00,300.91000000000037,301.41000000000037,300.86000000000035,301.18000000000035,2675
2026-02-19T20:45:00+00:00,301.18000000000035,301.43000000000035,300.41000000000037,301.16000000000037,3326
2026-02-20T14:30:00+00:00,301.16000000000037,308.36000000000035,301.16000000000037,307.9000000000004,5970
2026-02-20T14:45:00+00:00,307.9000000000004,308.3900000000003,306.12000000000035,307.25000000000034,4526
2026-02-20T15:00:00+00:00,307.25000000000034,309.00000000000034,305.22000000000037,306.88000000000034,8028
2026-02-20T15:15:00+00:00,306.88000000000034,309.51000000000033,306.0800000000003,308.32000000000033,6537
2026-02-20T15:30:00+00:00,308.32000000000033,312.3400000000004,308.25000000000034,312.20000000000033,7718
2026-02-20T15:45:00+00:00,312.20000000000033,313.31000000000034,311.12000000000035,312.74000000000035,6418
2026-02-20T16:00:00+00:00,312.74000000000035,313.26000000000033,311.8900000000004,312.01000000000033,5529
2026-02-20T16:15:00+00:00,312.01000000000033,312.97000000000037,311.42000000000036,312.23000000000036,5724
2026-02-20T16:30:00+00:00,312.23000000000036,313.55000000000035,312.13000000000034,313.43000000000035,5358
2026-02-20T16:45:00+00:00,313.43000000000035,314.37000000000035,313.32000000000033,313.76000000000033,3819
2026-02-20T17:00:00+00:00,313.76000000000033,313.94000000000034,311.8900000000004,312.12000000000035,4859
2026-02-20T17:15:00+00:00,312.12000000000035,312.19000000000034,310.62000000000035,311.79000000000036,5268
2026-02-20T17:30:00+00:00,311.79000000000036,312.93000000000035,311.62000000000035,312.4000000000004,5429
2026-02-20T17:45:00+00:00,312.4000000000004,313.69000000000034,312.4000000000004,313.1500000000004,4826
2026-02-20T18:00:00+00:00,313.1500000000004,313.32000000000033,312.1400000000004,312.36000000000035,4342
2026-02-20T18:15:00+00:00,312.36000000000035,312.53000000000037,311.42000000000036,312.16000000000037,4916
2026-02-20T18:30:00+00:00,312.16000000000037,313.36000000000035,311.62000000000035,312.76000000000033,5831
2026-02-20T18:45:00+00:00,312.76000000000033,313.42000000000036,312.13000000000034,312.5800000000004,4637
2026-02-20T19:00:00+00:00,312.5800000000004,312.91000000000037,312.36000000000035,312.4500000000004,3557
2026-02-20T19:15:00+00:00,312.4500000000004,312.9000000000004,312.35000000000036,312.43000000000035,2976
2026-02-20T19:30:00+00:00,312.43000000000035,313.06000000000034,312.42000000000036,312.6400000000004,2828
2026-02-20T19:45:00+00:00,312.6400000000004,313.32000000000033,312.63000000000034,313.07000000000033,3091
2026-02-20T20:00:00+00:00,313.07000000000033,314.10000000000036,312.8900000000004,313.6500000000004,2792
2026-02-20T20:15:00+00:00,313.6500000000004,313.7700000000004,312.5900000000004,312.85000000000036,2455
2026-02-20T20:30:00+00:00,312.85000000000036,313.3900000000004,312.57000000000033,313.19000000000034,2685
2026-02-20T20:45:00+00:00,313.19000000000034,313.4500000000004,311.97000000000037,312.24000000000035,5352
2026-02-23T14:30:00+00:00,312.24000000000035,316.8300000000004,312.24000000000035,313.47000000000037,5851
2026-02-23T14:45:00+00:00,313.47000000000037,315.00000000000034,312.93000000000035,312.93000000000035,6026
2026-02-23T15:00:00+00:00,312.93000000000035,314.06000000000034,312.68000000000035,313.41000000000037,6628
2026-02-23T15:15:00+00:00,313.41000000000037,314.32000000000033,313.16000000000037,313.42000000000036,6313
2026-02-23T15:30:00+00:00,313.42000000000036,313.5900000000004,311.53000000000037,311.68000000000035,4712
2026-02-23T15:45:00+00:00,311.68000000000035,312.73000000000036,310.4300000000003,310.5300000000003,5957.875529368441
2026-02-23T16:00:00+00:00,310.5300000000003,310.85000000000036,309.4600000000003,309.86000000000035,6044
2026-02-23T16:15:00+00:00,309.86000000000035,311.93000000000035,309.55000000000035,311.7800000000003,5913
2026-02-23T16:30:00+00:00,311.7800000000003,311.95000000000033,311.2100000000003,311.6400000000003,5287
2026-02-23T16:45:00+00:00,311.6400000000003,312.17000000000036,311.0300000000003,311.55000000000035,4532
2026-02-23T17:00:00+00:00,311.55000000000035,311.92000000000036,311.26000000000033,311.3900000000003,3857
2026-02-23T17:15:00+00:00,311.3900000000003,311.7800000000003,311.30000000000035,311.57000000000033,2495
2026-02-23T17:30:00+00:00,311.57000000000033,311.7100000000003,310.5300000000003,310.9600000000003,3232
2026-02-23T17:45:00+00:00,310.9600000000003,311.2700000000003,310.63000000000034,311.19000000000034,3208
2026-02-23T18:00:00+00:00,311.19000000000034,312.3900000000003,311.19000000000034,312.00000000000034,2704
2026-02-23T18:15:00+00:00,312.00000000000034,312.6400000000003,311.9000000000003,312.25000000000034,2370
2026-02-23T18:30:00+00:00,312.25000000000034,312.30000000000035,311.22000000000037,311.32000000000033,2766
2026-02-23T18:45:00+00:00,311.32000000000033,311.62000000000035,310.41000000000037,310.57000000000033,3056
2026-02-23T19:00:00+00:00,310.57000000000033,310.98000000000036,310.48000000000036,310.66000000000037,2961
2026-02-23T19:15:00+00:00,310.66000000000037,310.8300000000003,310.26000000000033,310.3400000000003,2921
2026-02-23T19:30:00+00:00,310.3400000000003,310.61000000000035,308.8900000000003,309.0900000000003,2601
2026-02-23T19:45:00+00:00,309.0900000000003,309.32000000000033,308.17000000000036,308.23000000000036,3051
2026-02-23T20:00:00+00:00,308.23000000000036,308.5200000000003,307.62000000000035,308.41000000000037,2603
2026-02-23T20:15:00+00:00,308.41000000000037,309.19000000000034,307.87000000000035,309.13000000000034,2098
2026-02-23T20:30:00+00:00,309.13000000000034,309.47000000000037,308.69000000000034,308.8300000000003,2234
2026-02-23T20:45:00+00:00,308.8300000000003,309.4000000000003,308.1400000000003,309.4000000000003,3726
2026-02-24T14:30:00+00:00,309.4000000000003,309.4000000000003,303.69000000000034,306.11000000000035,5386
2026-02-24T14:45:00+00:00,306.11000000000035,307.50000000000034,305.5300000000003,305.6500000000003,4865
2026-02-24T15:00:00+00:00,305.6500000000003,306.05000000000035,303.8300000000003,303.91000000000037,5442
2026-02-24T15:15:00+00:00,303.91000000000037,307.13000000000034,303.7800000000003,307.07000000000033,6679
2026-02-24T15:30:00+00:00,307.07000000000033,307.5900000000003,306.48000000000036,307.24000000000035,5412
2026-02-24T15:45:00+00:00,307.24000000000035,308.12000000000035,306.63000000000034,307.48000000000036,4361
2026-02-24T16:00:00+00:00,307.48000000000036,308.9600000000003,307.45000000000033,308.7700000000003,4012
2026-02-24T16:15:00+00:00,308.7700000000003,308.8300000000003,308.10000000000036,308.49000000000035,3510
2026-02-24T16:30:00+00:00,308.49000000000035,308.82000000000033,307.95000000000033,308.4000000000004,3794
2026-02-24T16:45:00+00:00,308.4000000000004,309.06000000000034,308.13000000000034,308.87000000000035,3021
2026-02-24T17:00:00+00:00,308.87000000000035,309.36000000000035,308.56000000000034,309.04000000000036,2938
2026-02-24T17:15:00+00:00,309.04000000000036,309.66000000000037,308.86000000000035,309.5800000000004,2657
2026-02-24T17:30:00+00:00,309.5800000000004,310.0100000000004,309.1400000000004,309.2000000000004,2429
2026-02-24T17:45:00+00:00,309.2000000000004,309.3400000000004,308.7000000000004,308.75000000000034,2118
2026-02-24T18:00:00+00:00,308.75000000000034,309.26000000000033,308.61000000000035,308.74000000000035,2225
2026-02-24T18:15:00+00:00,308.74000000000035,308.88000000000034,308.37000000000035,308.4500000000004,2337
2026-02-24T18:30:00+00:00,308.4500000000004,308.82000000000033,308.0200000000004,308.32000000000033,2552
2026-02-24T18:45:00+00:00,308.32000000000033,308.5900000000004,308.01000000000033,308.2100000000004,2424
2026-02-24T19:00:00+00:00,308.2100000000004,308.51000000000033,307.9000000000004,307.9500000000004,2943
2026-02-24T19:15:00+00:00,307.9500000000004,308.00000000000034,307.22000000000037,307.8300000000004,2773
2026-02-24T19:30:00+00:00,307.8300000000004,308.8900000000004,307.81000000000034,308.63000000000034,2311
2026-02-24T19:45:00+00:00,308.63000000000034,309.05000000000035,308.4600000000004,308.81000000000034,2508
2026-02-24T20:00:00+00:00,308.81000000000034,309.25000000000034,308.4500000000004,308.6300000000004,2346
2026-02-24T20:15:00+00:00,308.6300000000004,308.85000000000036,308.5700000000004,308.7100000000004,2253
2026-02-24T20:30:00+00:00,308.7100000000004,308.9000000000004,308.25000000000034,308.66000000000037,2394
2026-02-24T20:45:00+00:00,308.66000000000037,309.17000000000036,308.17000000000036,308.6300000000004,3615
2026-02-25T14:30:00+00:00,308.6300000000004,310.50000000000034,307.2000000000004,310.10000000000036,4354
2026-02-25T14:45:00+00:00,310.10000000000036,311.24000000000035,309.7100000000004,310.3800000000004,4154
2026-02-25T15:00:00+00:00,310.3800000000004,310.56000000000034,309.0200000000003,309.44000000000034,4495
2026-02-25T15:15:00+00:00,309.44000000000034,309.93000000000035,309.1400000000003,309.74000000000035,3904
2026-02-25T15:30:00+00:00,309.74000000000035,309.82000000000033,307.9000000000003,307.98000000000036,3536
2026-02-25T15:45:00+00:00,307.98000000000036,308.0900000000003,307.2800000000003,307.55000000000035,3004
2026-02-25T16:00:00+00:00,307.55000000000035,308.2400000000003,306.9500000000003,307.4400000000003,3048
2026-02-25T16:15:00+00:00,307.4400000000003,308.3200000000003,307.3900000000003,308.2100000000003,2612
2026-02-25T16:30:00+00:00,308.2100000000003,309.03000000000026,308.0500000000003,308.84000000000026,2359
2026-02-25T16:45:00+00:00,308.84000000000026,309.0000000000003,308.4300000000003,308.59000000000026,2241
2026-02-25T17:00:00+00:00,308.59000000000026,309.27000000000027,308.4400000000003,309.0600000000003,2120
2026-02-25T17:15:00+00:00,309.0600000000003,309.21000000000026,308.2500000000003,308.3000000000003,1903
2026-02-25T17:30:00+00:00,308.3000000000003,308.33000000000027,307.7000000000003,307.8800000000003,1997
2026-02-25T17:45:00+00:00,307.8800000000003,308.5000000000003,307.6600000000003,308.09000000000026,2155
2026-02-25T18:00:00+00:00,308.09000000000026,308.58000000000027,307.9300000000003,307.96000000000026,1905
2026-02-25T18:15:00+00:00,307.96000000000026,308.3200000000003,307.8800000000003,307.9900000000003,1606
2026-02-25T18:30:00+00:00,307.9900000000003,308.1000000000003,307.8600000000003,308.0100000000003,1609
2026-02-25T18:45:00+00:00,308.0100000000003,308.3200000000003,307.9300000000003,308.3000000000003,1395
2026-02-25T19:00:00+00:00,308.3000000000003,308.5000000000003,308.0100000000003,308.3500000000003,2018
2026-02-25T19:15:00+00:00,308.3500000000003,309.11000000000024,308.2500000000003,308.7000000000003,2028
2026-02-25T19:30:00+00:00,308.7000000000003,308.78000000000026,308.30000000000024,308.43000000000023,1708
2026-02-25T19:45:00+00:00,308.43000000000023,309.10000000000025,308.30000000000024,308.9500000000003,1753
2026-02-25T20:00:00+00:00,308.9500000000003,309.7500000000002,308.72000000000025,309.6900000000002,2206
2026-02-25T20:15:00+00:00,309.6900000000002,310.13000000000017,309.1700000000002,310.0200000000002,2093
2026-02-25T20:30:00+00:00,310.0200000000002,310.1200000000002,309.3600000000002,309.8600000000002,2094
2026-02-25T20:45:00+00:00,309.8600000000002,310.89000000000016,309.4300000000002,310.51000000000016,3509
2026-02-26T14:30:00+00:00,310.51000000000016,310.52000000000015,304.8700000000001,306.0900000000001,5408
2026-02-26T14:45:00+00:00,306.0900000000001,306.3400000000001,304.0100000000001,304.1600000000001,5958
2026-02-26T15:00:00+00:00,304.1600000000001,304.5400000000001,302.99000000000007,303.0600000000001,6025
2026-02-26T15:15:00+00:00,303.0600000000001,303.0600000000001,300.1400000000001,301.1000000000001,7548
2026-02-26T15:30:00+00:00,301.1000000000001,302.24000000000007,300.3300000000001,301.80000000000007,6340
2026-02-26T15:45:00+00:00,301.80000000000007,302.6300000000001,301.2900000000001,302.1500000000001,5429
2026-02-26T16:00:00+00:00,302.1500000000001,303.3100000000001,302.0100000000001,303.2700000000001,4769
2026-02-26T16:15:00+00:00,303.2700000000001,305.0300000000001,302.9700000000001,304.8400000000001,4181
2026-02-26T16:30:00+00:00,304.8400000000001,305.4600000000001,303.61000000000007,303.7100000000001,4471
2026-02-26T16:45:00+00:00,303.7100000000001,304.36000000000007,302.7800000000001,303.2000000000001,5106
2026-02-26T17:00:00+00:00,303.2000000000001,304.4200000000001,303.18000000000006,303.4100000000001,4200
2026-02-26T17:15:00+00:00,303.4100000000001,303.93000000000006,302.9800000000001,303.11000000000007,3519
2026-02-26T17:30:00+00:00,303.11000000000007,303.4200000000001,302.55000000000007,302.6700000000001,3571
2026-02-26T17:45:00+00:00,302.6700000000001,303.4500000000001,302.3700000000001,302.7900000000001,3416
2026-02-26T18:00:00+00:00,302.7900000000001,303.1900000000001,302.4200000000001,302.5900000000001,3471
2026-02-26T18:15:00+00:00,302.5900000000001,302.9000000000001,302.36000000000007,302.5100000000001,2628
2026-02-26T18:30:00+00:00,302.5100000000001,304.3900000000001,302.4500000000001,303.7900000000001,3340
2026-02-26T18:45:00+00:00,303.7900000000001,304.53,303.7800000000001,304.36,3284.0887090330048
2026-02-26T19:00:00+00:00,304.36,306.19000000000005,304.25,305.90000000000003,3055.15614851154
2026-02-26T19:15:00+00:00,305.90000000000003,306.79000000000025,305.88000000000005,306.2200000000003,3525.8568157621944
2026-02-26T19:30:00+00:00,306.2200000000003,306.9000000000003,306.1000000000003,306.2500000000004,2831.676058455638
2026-02-26T19:45:00+00:00,306.2500000000004,306.7900000000004,306.1700000000004,306.24000000000035,2282.7884092407594
2026-02-26T20:00:00+00:00,306.24000000000035,306.47000000000025,305.85000000000025,305.96000000000026,2852.4693977975503
2026-02-26T20:15:00+00:00,305.96000000000026,306.1800000000002,305.0600000000002,305.1700000000002,1917.4519488561186
2026-02-26T20:30:00+00:00,305.1700000000002,306.07000000000016,305.1500000000002,305.3700000000002,2069
2026-02-26T20:45:00+00:00,305.3700000000002,305.5400000000002,304.7100000000002,305.5200000000002,3240
2026-02-27T14:30:00+00:00,305.5200000000002,305.9800000000002,301.6800000000002,305.6000000000002,3797
2026-02-27T14:45:00+00:00,305.6000000000002,307.6200000000002,305.20000000000016,305.9200000000002,5501
2026-02-27T15:00:00+00:00,305.9200000000002,307.14000000000016,305.5400000000002,305.7900000000002,5654
2026-02-27T15:15:00+00:00,305.7900000000002,306.5900000000002,305.38000000000017,306.0900000000002,5314
2026-02-27T15:30:00+00:00,306.0900000000002,307.07000000000016,305.5300000000002,306.9700000000002,3982
2026-02-27T15:45:00+00:00,306.9700000000002,307.2700000000002,305.6800000000002,306.3800000000002,4077.702654160846
2026-02-27T16:00:00+00:00,306.3800000000002,306.87000000000023,305.49000000000024,306.6300000000002,4704
2026-02-27T16:15:00+00:00,306.6300000000002,306.83000000000027,305.72000000000025,306.05000000000024,5100
2026-02-27T16:30:00+00:00,306.05000000000024,306.66000000000025,305.18000000000023,305.2000000000003,5272
2026-02-27T16:45:00+00:00,305.2000000000003,306.05000000000024,305.17000000000024,305.31000000000023,4985
2026-02-27T17:00:00+00:00,305.31000000000023,307.11000000000024,305.28000000000026,305.99000000000024,4044
2026-02-27T17:15:00+00:00,305.99000000000024,306.04000000000025,304.93000000000023,305.64000000000027,4941
2026-02-27T17:30:00+00:00,305.64000000000027,306.10000000000025,304.62000000000023,304.8800000000002,5560
2026-02-27T17:45:00+00:00,304.8800000000002,305.08000000000027,304.4400000000002,304.68000000000023,4860
2026-02-27T18:00:00+00:00,304.68000000000023,304.83000000000027,303.68000000000023,303.7600000000003,4001
2026-02-27T18:15:00+00:00,303.7600000000003,303.9500000000003,303.2500000000002,303.7600000000003,3776
2026-02-27T18:30:00+00:00,303.7600000000003,304.0100000000003,303.42000000000024,303.67000000000024,3020
2026-02-27T18:45:00+00:00,303.67000000000024,305.0000000000002,303.61000000000024,304.62000000000023,2661
2026-02-27T19:00:00+00:00,304.62000000000023,306.42000000000024,304.58000000000027,306.12000000000023,3119
2026-02-27T19:15:00+00:00,306.12000000000023,306.24000000000024,304.73000000000025,305.02000000000027,2587
2026-02-27T19:30:00+00:00,305.02000000000027,305.18000000000023,304.33000000000027,304.55000000000024,2634
2026-02-27T19:45:00+00:00,304.55000000000024,304.85000000000025,304.28000000000026,304.55000000000024,2181
2026-02-27T20:00:00+00:00,304.55000000000024,305.64000000000027,304.49000000000024,305.64000000000027,2320
2026-02-27T20:15:00+00:00,305.64000000000027,306.04000000000025,305.46000000000026,305.7600000000003,2532
2026-02-27T20:30:00+00:00,305.7600000000003,305.79000000000025,304.77000000000027,305.1900000000002,2887
2026-02-27T20:45:00+00:00,305.1900000000002,310.16000000000025,305.0700000000002,309.64000000000027,5374
2026-03-02T14:30:00+00:00,309.64000000000027,311.8800000000003,307.40000000000026,311.21000000000026,4915
2026-03-02T14:45:00+00:00,311.21000000000026,312.4400000000003,310.21000000000026,310.60000000000025,4970
2026-03-02T15:00:00+00:00,310.60000000000025,311.66000000000025,309.89000000000027,311.29000000000025,5007
2026-03-02T15:15:00+00:00,311.29000000000025,311.7300000000003,310.1800000000003,310.6800000000003,6069
2026-03-02T15:30:00+00:00,310.6800000000003,311.33000000000027,310.21000000000026,311.2600000000003,5105
2026-03-02T15:45:00+00:00,311.2600000000003,311.78000000000026,310.52000000000027,311.2000000000003,4691
2026-03-02T16:00:00+00:00,311.2000000000003,312.1100000000003,310.53000000000026,311.9300000000003,3965
2026-03-02T16:15:00+00:00,311.9300000000003,311.9300000000003,310.34000000000026,310.8000000000003,3790
2026-03-02T16:30:00+00:00,310.8000000000003,313.6100000000003,310.8000000000003,313.3800000000003,4374
2026-03-02T16:45:00+00:00,313.3800000000003,314.08000000000027,312.9500000000003,313.7500000000003,4235
2026-03-02T17:00:00+00:00,313.7500000000003,313.9400000000003,313.3200000000003,313.6200000000003,3695
2026-03-02T17:15:00+00:00,313.6200000000003,314.1200000000003,313.5000000000003,313.9200000000003,3022
2026-03-02T17:30:00+00:00,313.9200000000003,314.21000000000026,313.3800000000003,313.53000000000026,2558
2026-03-02T17:45:00+00:00,313.53000000000026,314.52000000000027,313.39000000000027,314.3200000000003,2434
2026-03-02T18:00:00+00:00,314.3200000000003,314.41000000000025,313.04000000000025,313.34000000000026,2607
2026-03-02T18:15:00+00:00,313.34000000000026,313.34000000000026,312.46000000000026,312.9400000000003,2452
2026-03-02T18:30:00+00:00,312.9400000000003,313.10000000000025,312.21000000000026,312.85000000000025,2445
2026-03-02T18:45:00+00:00,312.85000000000025,312.8800000000003,311.97000000000025,312.0000000000003,2469
2026-03-02T19:00:00+00:00,312.0000000000003,313.0100000000003,311.91000000000025,312.7400000000003,2679
2026-03-02T19:15:00+00:00,312.7400000000003,313.6800000000003,312.7400000000003,313.64000000000027,2736
2026-03-02T19:30:00+00:00,313.64000000000027,313.7000000000003,313.2300000000003,313.39000000000027,2052
2026-03-02T19:45:00+00:00,313.39000000000027,314.1200000000003,313.3700000000003,313.58000000000027,2080
2026-03-02T20:00:00+00:00,313.58000000000027,313.6700000000003,311.6700000000003,311.8200000000003,3718
2026-03-02T20:15:00+00:00,311.8200000000003,312.59000000000026,311.5500000000003,311.66000000000025,3833
2026-03-02T20:30:00+00:00,311.66000000000025,312.2300000000003,311.3000000000003,311.72000000000025,3029
2026-03-02T20:45:00+00:00,311.72000000000025,313.2600000000003,311.6200000000003,312.4800000000003,4619
2026-03-03T14:30:00+00:00,312.4800000000003,312.4800000000003,303.02000000000027,306.6200000000003,5501
2026-03-03T14:45:00+00:00,306.6200000000003,307.6200000000003,305.0700000000003,305.6100000000003,5360
2026-03-03T15:00:00+00:00,305.6100000000003,306.83000000000027,305.46000000000026,305.5500000000003,5865
2026-03-03T15:15:00+00:00,305.5500000000003,305.8700000000003,303.4500000000003,303.7000000000003,6180
2026-03-03T15:30:00+00:00,303.7000000000003,305.3600000000003,303.54000000000025,303.65000000000026,7395
2026-03-03T15:45:00+00:00,303.65000000000026,305.2600000000003,303.5700000000003,305.1100000000003,6559
2026-03-03T16:00:00+00:00,305.1100000000003,306.97000000000025,304.71000000000026,306.85000000000025,5515
2026-03-03T16:15:00+00:00,306.85000000000025,307.90000000000026,306.8200000000003,307.40000000000026,5304
2026-03-03T16:30:00+00:00,307.40000000000026,307.97000000000025,306.40000000000026,307.8000000000003,5266
2026-03-03T16:45:00+00:00,307.8000000000003,308.5500000000003,307.2300000000003,307.29000000000025,5150
2026-03-03T17:00:00+00:00,307.29000000000025,308.16000000000025,306.96000000000026,307.3600000000003,4873
2026-03-03T17:15:00+00:00,307.3600000000003,307.90000000000026,307.14000000000027,307.8100000000003,4557
2026-03-03T17:30:00+00:00,307.8100000000003,307.83000000000027,306.7300000000003,307.59000000000026,4352
2026-03-03T17:45:00+00:00,307.59000000000026,307.7300000000003,306.78000000000026,306.8000000000003,3705
2026-03-03T18:00:00+00:00,306.8000000000003,307.4800000000003,306.6100000000003,306.84000000000026,3450
2026-03-03T18:15:00+00:00,306.84000000000026,307.8700000000003,306.78000000000026,307.21000000000026,3105
2026-03-03T18:30:00+00:00,307.21000000000026,309.4400000000003,307.15000000000026,308.6100000000003,4356
2026-03-03T18:45:00+00:00,308.6100000000003,308.9800000000003,308.15000000000026,308.8100000000003,4032
2026-03-03T19:00:00+00:00,308.8100000000003,309.09000000000026,307.5100000000003,308.09000000000026,3519
2026-03-03T19:15:00+00:00,308.09000000000026,308.66000000000025,307.5000000000003,307.5100000000003,3670
2026-03-03T19:30:00+00:00,307.5100000000003,309.14000000000027,307.0500000000003,309.1100000000003,4588
2026-03-03T19:45:00+00:00,309.1100000000003,309.60000000000025,308.2400000000003,308.8200000000003,4529
2026-03-03T20:00:00+00:00,308.8200000000003,309.46000000000026,308.09000000000026,309.15000000000026,3684
2026-03-03T20:15:00+00:00,309.15000000000026,309.54000000000025,308.8000000000003,309.08000000000027,3089
2026-03-03T20:30:00+00:00,309.08000000000027,309.4500000000003,308.6200000000003,308.6200000000003,3033
2026-03-03T20:45:00+00:00,308.6200000000003,310.3000000000003,308.3000000000003,309.7500000000003,4310
2026-03-04T14:30:00+00:00,309.7500000000003,309.84000000000026,307.1700000000003,308.46000000000026,5070
2026-03-04T14:45:00+00:00,308.46000000000026,310.1900000000003,308.1300000000003,309.27000000000027,4523
2026-03-04T15:00:00+00:00,309.27000000000027,310.03000000000026,308.2300000000003,309.4200000000003,5311
2026-03-04T15:15:00+00:00,309.4200000000003,311.6300000000003,309.3800000000003,311.4900000000003,4440
2026-03-04T15:30:00+00:00,311.4900000000003,311.83000000000027,309.83000000000027,309.8800000000003,4407
2026-03-04T15:45:00+00:00,309.8800000000003,311.0500000000003,309.3600000000003,310.91000000000025,4987
2026-03-04T16:00:00+00:00,310.91000000000025,311.35000000000025,309.96000000000026,309.96000000000026,4588
2026-03-04T16:15:00+00:00,309.96000000000026,311.3100000000003,309.6900000000003,310.8800000000003,4736
2026-03-04T16:30:00+00:00,310.8800000000003,311.3100000000003,310.47000000000025,310.83000000000027,3456
2026-03-04T16:45:00+00:00,310.83000000000027,311.1100000000003,310.4200000000003,310.46000000000026,2839
2026-03-04T17:00:00+00:00,310.46000000000026,310.83000000000027,310.10000000000025,310.34000000000026,2688
2026-03-04T17:15:00+00:00,310.34000000000026,310.59000000000026,310.02000000000027,310.15000000000026,2617
2026-03-04T17:30:00+00:00,310.15000000000026,310.3800000000003,309.79000000000025,310.1200000000003,2877
2026-03-04T17:45:00+00:00,310.1200000000003,310.6800000000003,310.10000000000025,310.4900000000003,2210
2026-03-04T18:00:00+00:00,310.4900000000003,310.5600000000003,309.79000000000025,309.9200000000003,2211
2026-03-04T18:15:00+00:00,309.9200000000003,310.10000000000025,309.7000000000003,309.8700000000003,2221
2026-03-04T18:30:00+00:00,309.8700000000003,310.22000000000025,309.1900000000003,309.79000000000025,2114
2026-03-04T18:45:00+00:00,309.79000000000025,310.02000000000027,309.3000000000003,309.46000000000026,2115
2026-03-04T19:00:00+00:00,309.46000000000026,309.9200000000003,309.41000000000025,309.47000000000025,1927
2026-03-04T19:15:00+00:00,309.47000000000025,309.85000000000025,309.2400000000003,309.3000000000003,1838
2026-03-04T19:30:00+00:00,309.3000000000003,309.7600000000003,309.2400000000003,309.5100000000003,1703
2026-03-04T19:45:00+00:00,309.5100000000003,309.7600000000003,309.10000000000025,309.1300000000003,1792
2026-03-04T20:00:00+00:00,309.1300000000003,309.2600000000003,308.47000000000025,308.77000000000027,1779
2026-03-04T20:15:00+00:00,308.77000000000027,309.3000000000003,308.6100000000003,309.2600000000003,1831
2026-03-04T20:30:00+00:00,309.2600000000003,309.6100000000003,308.9800000000003,309.4500000000003,1961
2026-03-04T20:45:00+00:00,309.4500000000003,310.0100000000003,308.96000000000026,309.6100000000003,3846
2026-03-05T14:30:00+00:00,309.6100000000003,309.6100000000003,305.5100000000003,305.97000000000025,5431
2026-03-05T14:45:00+00:00,305.97000000000025,308.2400000000003,305.7600000000003,307.8800000000003,6008
2026-03-05T15:00:00+00:00,307.8800000000003,308.41000000000025,306.6700000000003,308.1900000000003,5547
2026-03-05T15:15:00+00:00,308.1900000000003,308.21000000000026,305.60000000000025,306.1200000000003,5223
2026-03-05T15:30:00+00:00,306.1200000000003,307.4200000000003,305.3100000000003,307.2000000000003,5554
2026-03-05T15:45:00+00:00,307.2000000000003,307.3600000000003,306.5000000000003,306.72000000000025,5094
2026-03-05T16:00:00+00:00,306.72000000000025,306.96000000000026,305.1200000000003,305.6300000000003,5194
2026-03-05T16:15:00+00:00,305.6300000000003,305.8200000000003,304.72000000000025,305.2600000000003,5075
2026-03-05T16:30:00+00:00,305.2600000000003,306.64000000000027,305.2600000000003,305.6800000000003,4546
2026-03-05T16:45:00+00:00,305.6800000000003,306.6200000000003,305.65000000000026,306.16000000000025,4477
2026-03-05T17:00:00+00:00,306.16000000000025,306.84000000000026,305.46000000000026,305.5100000000003,4067
2026-03-05T17:15:00+00:00,305.5100000000003,305.5700000000003,304.89000000000027,305.03000000000026,4750
2026-03-05T17:30:00+00:00,305.03000000000026,305.7300000000003,304.6200000000003,305.58000000000027,4968
2026-03-05T17:45:00+00:00,305.58000000000027,305.9400000000003,305.15000000000026,305.77000000000027,4276
2026-03-05T18:00:00+00:00,305.77000000000027,306.72000000000025,305.5500000000003,306.5000000000003,4995
2026-03-05T18:15:00+00:00,306.5000000000003,306.6100000000003,304.64000000000027,304.7400000000003,4655
2026-03-05T18:30:00+00:00,304.7400000000003,305.0700000000003,304.59000000000026,304.8600000000003,4048
2026-03-05T18:45:00+00:00,304.8600000000003,305.2000000000003,304.4900000000003,304.9800000000003,3950
2026-03-05T19:00:00+00:00,304.9800000000003,305.66000000000025,304.83000000000027,305.3800000000003,4137
2026-03-05T19:15:00+00:00,305.3800000000003,306.03000000000026,305.2000000000003,305.7400000000003,4215
2026-03-05T19:30:00+00:00,305.7400000000003,306.33000000000027,305.2000000000003,306.16000000000025,4008
2026-03-05T19:45:00+00:00,306.16000000000025,306.2300000000003,305.59000000000026,305.6100000000003,3430
2026-03-05T20:00:00+00:00,305.6100000000003,306.3600000000003,305.14000000000027,306.34000000000026,3669
2026-03-05T20:15:00+00:00,306.34000000000026,307.1200000000003,306.1900000000003,306.3600000000003,3470
2026-03-05T20:30:00+00:00,306.3600000000003,306.54000000000025,305.40000000000026,305.60000000000025,3513
2026-03-05T20:45:00+00:00,305.60000000000025,307.7600000000003,305.4800000000003,307.46000000000026,4818
2026-03-06T14:30:00+00:00,307.46000000000026,307.46000000000026,301.4300000000003,303.4800000000003,3953
2026-03-06T14:45:00+00:00,303.4800000000003,304.9300000000003,303.1700000000003,304.72000000000025,6263
2026-03-06T15:00:00+00:00,304.72000000000025,305.91000000000025,304.16000000000025,305.83000000000027,5743
2026-03-06T15:15:00+00:00,305.83000000000027,306.39000000000027,305.39000000000027,306.0000000000003,5085
2026-03-06T15:30:00+00:00,306.0000000000003,306.6900000000003,305.71000000000026,305.8600000000003,4719
2026-03-06T15:45:00+00:00,305.8600000000003,306.4800000000003,305.04000000000025,305.8600000000003,4657
2026-03-06T16:00:00+00:00,305.8600000000003,306.47000000000025,305.5600000000003,305.6200000000003,4322
2026-03-06T16:15:00+00:00,305.6200000000003,306.34000000000026,305.04000000000025,305.71000000000026,4168
2026-03-06T16:30:00+00:00,305.71000000000026,305.97000000000025,305.10000000000025,305.6900000000003,5002
2026-03-06T16:45:00+00:00,305.6900000000003,306.27000000000027,304.9500000000003,305.40000000000026,5584
2026-03-06T17:00:00+00:00,305.40000000000026,306.10000000000025,305.1200000000003,305.27000000000027,5277
2026-03-06T17:15:00+00:00,305.27000000000027,305.7000000000003,304.9400000000003,305.33000000000027,4729
2026-03-06T17:30:00+00:00,305.33000000000027,305.6700000000003,304.59000000000026,304.7300000000003,4365
2026-03-06T17:45:00+00:00,304.7300000000003,305.2500000000003,304.59000000000026,304.6200000000003,3913
2026-03-06T18:00:00+00:00,304.6200000000003,306.2400000000003,304.5600000000003,306.1700000000003,4238
2026-03-06T18:15:00+00:00,306.1700000000003,306.28000000000026,305.34000000000026,305.5600000000003,4265
2026-03-06T18:30:00+00:00,305.5600000000003,306.10000000000025,305.4400000000003,305.8600000000003,4436
2026-03-06T18:45:00+00:00,305.8600000000003,305.96000000000026,305.35000000000025,305.6700000000003,3840
2026-03-06T19:00:00+00:00,305.6700000000003,306.1100000000003,305.5600000000003,305.9800000000003,3505
2026-03-06T19:15:00+00:00,305.9800000000003,306.0000000000003,304.97000000000025,305.41000000000025,4071
2026-03-06T19:30:00+00:00,305.41000000000025,305.6200000000003,304.6700000000003,304.79000000000025,3946
2026-03-06T19:45:00+00:00,304.79000000000025,304.96000000000026,304.39000000000027,304.89000000000027,3655
2026-03-06T20:00:00+00:00,304.89000000000027,305.89000000000027,304.8700000000003,305.39000000000027,3178
2026-03-06T20:15:00+00:00,305.39000000000027,305.4900000000003,304.1100000000003,304.4800000000003,3099
2026-03-06T20:30:00+00:00,304.4800000000003,304.90000000000026,303.7600000000003,304.5000000000003,4535
2026-03-06T20:45:00+00:00,304.5000000000003,304.9500000000003,304.0100000000003,304.3700000000003,5435
2026-03-09T13:30:00+00:00,304.3700000000003,304.3700000000003,299.9800000000003,301.8000000000003,3221
2026-03-09T13:45:00+00:00,301.8000000000003,302.59000000000026,300.7500000000003,301.2400000000003,6507
2026-03-09T14:00:00+00:00,301.2400000000003,303.3200000000003,301.1900000000003,302.22000000000025,6385
2026-03-09T14:15:00+00:00,302.22000000000025,304.60000000000025,301.91000000000025,303.1200000000003,4596
2026-03-09T14:30:00+00:00,303.1200000000003,304.90000000000026,303.0000000000003,304.8600000000003,4783
2026-03-09T14:45:00+00:00,304.8600000000003,305.9500000000003,304.77000000000027,305.1700000000003,4117
2026-03-09T15:00:00+00:00,305.1700000000003,305.9800000000003,304.60000000000025,305.58000000000027,3476
2026-03-09T15:15:00+00:00,305.58000000000027,306.0600000000003,305.3000000000003,305.4800000000003,2682
2026-03-09T15:30:00+00:00,305.4800000000003,305.78000000000026,304.9900000000003,305.47000000000025,3264
2026-03-09T15:45:00+00:00,305.47000000000025,306.28000000000026,305.39000000000027,305.9200000000003,2443
2026-03-09T16:00:00+00:00,305.9200000000003,306.35000000000025,305.7400000000003,306.2400000000003,2552
2026-03-09T16:15:00+00:00,306.2400000000003,307.46000000000026,305.7500000000003,306.83000000000027,2539
2026-03-09T16:30:00+00:00,306.83000000000027,307.9400000000003,306.6300000000003,307.83000000000027,2975
2026-03-09T16:45:00+00:00,307.83000000000027,308.02000000000027,307.4900000000003,307.66000000000025,2594
2026-03-09T17:00:00+00:00,307.66000000000025,307.77000000000027,306.78000000000026,307.04000000000025,2679
2026-03-09T17:15:00+00:00,307.04000000000025,307.0700000000003,306.16000000000025,306.8000000000003,2552
2026-03-09T17:30:00+00:00,306.8000000000003,307.2300000000003,306.6300000000003,307.1100000000003,2415
2026-03-09T17:45:00+00:00,307.1100000000003,307.7600000000003,307.10000000000025,307.4500000000003,2039
2026-03-09T18:00:00+00:00,307.4500000000003,307.83000000000027,307.21000000000026,307.52000000000027,2395
2026-03-09T18:15:00+00:00,307.52000000000027,307.9800000000003,307.14000000000027,307.2000000000003,2221
2026-03-09T18:30:00+00:00,307.2000000000003,308.4400000000003,307.15000000000026,308.4200000000003,2784
2026-03-09T18:45:00+00:00,308.4200000000003,308.9300000000003,308.08000000000027,308.1300000000003,2662
2026-03-09T19:00:00+00:00,308.1300000000003,308.71000000000026,307.85000000000025,308.46000000000026,3164
2026-03-09T19:15:00+00:00,308.46000000000026,311.2000000000003,308.41000000000025,311.14000000000027,6707
2026-03-09T19:30:00+00:00,311.14000000000027,312.3200000000003,310.5600000000003,311.27000000000027,5629
2026-03-09T19:45:00+00:00,311.27000000000027,312.8700000000003,310.8600000000003,312.6100000000003,5967
2026-03-10T13:30:00+00:00,312.6100000000003,314.5000000000003,311.35000000000025,314.0700000000003,4475
2026-03-10T13:45:00+00:00,314.0700000000003,314.1300000000003,311.6800000000003,311.9400000000003,5791
2026-03-10T14:00:00+00:00,311.9400000000003,313.3700000000003,311.6800000000003,312.59000000000026,5941
2026-03-10T14:15:00+00:00,312.59000000000026,313.34000000000026,311.9900000000003,312.6700000000003,5152
2026-03-10T14:30:00+00:00,312.6700000000003,314.28000000000026,312.59000000000026,313.90000000000026,3532
2026-03-10T14:45:00+00:00,313.90000000000026,315.0500000000003,313.6300000000003,315.0500000000003,3458
2026-03-10T15:00:00+00:00,315.0500000000003,315.5100000000003,314.0500000000003,314.3100000000003,2872
2026-03-10T15:15:00+00:00,314.3100000000003,314.8600000000003,314.09000000000026,314.39000000000027,2556
2026-03-10T15:30:00+00:00,314.39000000000027,315.1300000000003,314.0500000000003,314.7300000000003,2606
2026-03-10T15:45:00+00:00,314.7300000000003,315.3100000000003,314.40000000000026,315.1100000000003,3358
2026-03-10T16:00:00+00:00,315.1100000000003,315.15000000000026,313.6900000000003,314.21000000000026,3876
2026-03-10T16:15:00+00:00,314.21000000000026,314.7000000000003,314.0100000000003,314.3100000000003,3552
2026-03-10T16:30:00+00:00,314.3100000000003,314.79000000000025,314.2400000000003,314.66000000000025,2719
2026-03-10T16:45:00+00:00,314.66000000000025,314.6800000000003,313.90000000000026,314.1800000000003,2390
2026-03-10T17:00:00+00:00,314.1800000000003,314.8100000000003,314.09000000000026,314.6800000000003,2768
2026-03-10T17:15:00+00:00,314.6800000000003,315.16000000000025,314.58000000000027,315.0500000000003,3003
2026-03-10T17:30:00+00:00,315.0500000000003,315.34000000000026,314.14000000000027,314.4300000000003,5102
2026-03-10T17:45:00+00:00,314.4300000000003,314.78000000000026,314.1800000000003,314.3700000000003,3686
2026-03-10T18:00:00+00:00,314.3700000000003,314.39000000000027,312.97000000000025,312.9900000000003,3814
2026-03-10T18:15:00+00:00,312.9900000000003,314.16000000000025,312.5600000000003,313.83000000000027,6561
2026-03-10T18:30:00+00:00,313.83000000000027,314.4400000000003,313.41000000000025,313.6900000000003,4884
2026-03-10T18:45:00+00:00,313.6900000000003,314.35000000000025,313.4200000000003,313.59000000000026,3863
2026-03-10T19:00:00+00:00,313.59000000000026,314.04000000000025,313.40000000000026,313.79000000000025,3317
2026-03-10T19:15:00+00:00,313.79000000000025,313.97000000000025,312.89000000000027,312.91000000000025,3329
2026-03-10T19:30:00+00:00,312.91000000000025,313.8000000000003,312.7400000000003,313.2000000000003,4285
2026-03-10T19:45:00+00:00,313.2000000000003,313.4900000000003,312.6800000000003,313.14000000000027,4373
2026-03-11T13:30:00+00:00,313.14000000000027,314.7600000000003,313.10000000000025,313.8800000000003,4262
2026-03-11T13:45:00+00:00,313.8800000000003,316.14000000000027,313.8800000000003,316.10000000000025,5664
2026-03-11T14:00:00+00:00,316.10000000000025,317.36000000000024,315.4300000000003,316.8100000000003,7282
2026-03-11T14:15:00+00:00,316.8100000000003,317.91000000000025,316.35000000000025,317.8700000000003,6179
2026-03-11T14:30:00+00:00,317.8700000000003,318.35000000000025,316.5000000000003,316.8100000000003,4955
2026-03-11T14:45:00+00:00,316.8100000000003,317.98000000000025,316.46000000000026,317.65000000000026,3976
2026-03-11T15:00:00+00:00,317.65000000000026,317.9400000000003,315.8700000000003,316.71000000000026,4743
2026-03-11T15:15:00+00:00,316.71000000000026,316.72000000000025,315.65000000000026,315.8200000000003,4436
2026-03-11T15:30:00+00:00,315.8200000000003,316.72000000000025,315.55000000000024,315.90000000000026,4407
2026-03-11T15:45:00+00:00,315.90000000000026,316.47000000000025,315.46000000000026,316.1200000000003,3805
2026-03-11T16:00:00+00:00,316.1200000000003,316.3100000000003,315.41000000000025,315.74000000000024,3599
2026-03-11T16:15:00+00:00,315.74000000000024,316.0000000000003,315.29000000000025,315.71000000000026,3413
2026-03-11T16:30:00+00:00,315.71000000000026,316.22000000000025,315.6300000000003,315.8800000000003,3375
2026-03-11T16:45:00+00:00,315.8800000000003,316.2600000000003,315.73000000000025,316.17000000000024,3377
2026-03-11T17:00:00+00:00,316.17000000000024,316.60000000000025,315.8800000000003,316.0700000000003,2835
2026-03-11T17:15:00+00:00,316.0700000000003,316.42000000000024,315.65000000000026,316.36000000000024,3448
2026-03-11T17:30:00+00:00,316.36000000000024,316.4400000000003,314.7600000000003,315.73000000000025,4792
2026-03-11T17:45:00+00:00,315.73000000000025,316.11000000000024,315.1800000000003,315.5600000000003,4678
2026-03-11T18:00:00+00:00,315.5600000000003,315.64000000000027,314.60000000000025,315.02000000000027,3006
2026-03-11T18:15:00+00:00,315.02000000000027,315.48000000000025,314.7600000000003,315.3800000000003,3213
2026-03-11T18:30:00+00:00,315.3800000000003,315.84000000000026,315.10000000000025,315.22000000000025,3013
2026-03-11T18:45:00+00:00,315.22000000000025,315.5000000000003,314.7500000000003,314.86000000000024,2402
2026-03-11T19:00:00+00:00,314.86000000000024,315.29000000000025,314.3700000000003,314.6800000000003,2180
2026-03-11T19:15:00+00:00,314.6800000000003,315.16000000000025,314.4500000000003,315.0700000000003,2545
2026-03-11T19:30:00+00:00,315.0700000000003,315.48000000000025,314.8700000000003,315.16000000000025,2743
2026-03-11T19:45:00+00:00,315.16000000000025,315.97000000000025,314.84000000000026,315.67000000000024,3622
2026-03-12T13:30:00+00:00,315.67000000000024,315.90000000000026,312.28000000000026,312.9400000000003,4545
2026-03-12T13:45:00+00:00,312.9400000000003,312.99000000000024,310.84000000000026,311.27000000000027,6291
2026-03-12T14:00:00+00:00,311.27000000000027,312.08000000000027,310.90000000000026,311.1800000000003,6436
2026-03-12T14:15:00+00:00,311.1800000000003,311.2600000000003,309.78000000000026,309.78000000000026,5332
2026-03-12T14:30:00+00:00,309.78000000000026,310.5600000000003,309.30000000000024,309.7500000000003,3984
2026-03-12T14:45:00+00:00,309.7500000000003,310.33000000000027,308.8800000000003,309.0600000000003,4476
2026-03-12T15:00:00+00:00,309.0600000000003,309.15000000000026,308.28000000000026,308.79000000000025,4691
2026-03-12T15:15:00+00:00,308.79000000000025,309.4300000000003,308.14000000000027,309.40000000000026,4357
2026-03-12T15:30:00+00:00,309.40000000000026,310.55000000000024,309.04000000000025,310.2600000000003,4754
2026-03-12T15:45:00+00:00,310.2600000000003,310.42000000000024,309.60000000000025,310.2500000000003,4127
2026-03-12T16:00:00+00:00,310.2500000000003,310.92000000000024,309.35000000000025,310.5000000000003,3847
2026-03-12T16:15:00+00:00,310.5000000000003,311.05000000000024,309.7500000000003,310.1200000000003,3752
2026-03-12T16:30:00+00:00,310.1200000000003,310.8700000000003,309.90000000000026,310.77000000000027,3337
2026-03-12T16:45:00+00:00,310.77000000000027,310.8200000000003,310.0000000000003,310.52000000000027,3295
2026-03-12T17:00:00+00:00,310.52000000000027,311.33000000000027,310.42000000000024,310.78000000000026,2934
2026-03-12T17:15:00+00:00,310.78000000000026,311.3100000000003,310.59000000000026,310.91000000000025,2751
2026-03-12T17:30:00+00:00,310.91000000000025,311.33000000000027,310.7000000000003,310.8200000000003,2862
2026-03-12T17:45:00+00:00,310.8200000000003,310.96000000000026,310.1200000000003,310.7500000000003,3251
2026-03-12T18:00:00+00:00,310.7500000000003,311.8100000000003,310.73000000000025,311.4300000000003,2898
2026-03-12T18:15:00+00:00,311.4300000000003,311.72000000000025,311.0100000000003,311.66000000000025,3073
2026-03-12T18:30:00+00:00,311.66000000000025,311.66000000000025,311.1800000000003,311.21000000000026,2591
2026-03-12T18:45:00+00:00,311.21000000000026,311.5000000000003,311.0700000000003,311.42000000000024,2564
2026-03-12T19:00:00+00:00,311.42000000000024,311.84000000000026,310.99000000000024,311.6200000000003,2877
2026-03-12T19:15:00+00:00,311.6200000000003,312.1200000000003,311.53000000000026,311.85000000000025,2513
2026-03-12T19:30:00+00:00,311.85000000000025,312.08000000000027,311.27000000000027,311.49000000000024,2861
2026-03-12T19:45:00+00:00,311.49000000000024,311.60000000000025,310.24000000000024,310.53000000000026,3969
2026-03-13T13:30:00+00:00,310.53000000000026,314.5100000000003,310.53000000000026,312.8200000000003,5064
2026-03-13T13:45:00+00:00,312.8200000000003,313.92000000000024,312.74000000000024,312.79000000000025,5865
2026-03-13T14:00:00+00:00,312.79000000000025,313.2600000000003,312.1800000000003,313.0000000000003,6245
2026-03-13T14:15:00+00:00,313.0000000000003,313.78000000000026,312.6300000000003,313.5700000000003,5977
2026-03-13T14:30:00+00:00,313.5700000000003,314.47000000000025,312.55000000000024,312.61000000000024,4893
2026-03-13T14:45:00+00:00,312.61000000000024,312.86000000000024,311.35000000000025,311.74000000000024,6115
2026-03-13T15:00:00+00:00,311.74000000000024,313.02000000000027,311.35000000000025,312.84000000000026,5172
2026-03-13T15:15:00+00:00,312.84000000000026,312.92000000000024,310.86000000000024,310.98000000000025,4854
2026-03-13T15:30:00+00:00,310.98000000000025,311.2000000000003,309.98000000000025,310.09000000000026,4974
2026-03-13T15:45:00+00:00,310.09000000000026,310.6900000000003,309.28000000000026,309.66000000000025,5103
2026-03-13T16:00:00+00:00,309.66000000000025,310.22000000000025,309.05000000000024,309.42000000000024,4258
2026-03-13T16:15:00+00:00,309.42000000000024,309.65000000000026,309.08000000000027,309.40000000000026,4175
2026-03-13T16:30:00+00:00,309.40000000000026,309.8700000000003,308.2500000000003,308.27000000000027,3778
2026-03-13T16:45:00+00:00,308.27000000000027,308.42000000000024,307.34000000000026,307.46000000000026,3846
2026-03-13T17:00:00+00:00,307.46000000000026,309.27000000000027,307.46000000000026,309.27000000000027,3485
2026-03-13T17:15:00+00:00,309.27000000000027,309.35000000000025,308.35000000000025,308.59000000000026,3288
2026-03-13T17:30:00+00:00,308.59000000000026,308.73000000000025,307.11000000000024,307.46000000000026,3326
2026-03-13T17:45:00+00:00,307.46000000000026,307.61000000000024,307.11000000000024,307.2600000000003,3487
2026-03-13T18:00:00+00:00,307.2600000000003,308.36000000000024,307.14000000000027,308.16000000000025,3406
2026-03-13T18:15:00+00:00,308.16000000000025,308.72000000000025,307.85000000000025,308.65000000000026,3010
2026-03-13T18:30:00+00:00,308.65000000000026,309.1300000000003,308.35000000000025,308.98000000000025,2891
2026-03-13T18:45:00+00:00,308.98000000000025,309.33000000000027,308.7600000000003,308.90000000000026,2473
2026-03-13T19:00:00+00:00,308.90000000000026,309.05000000000024,308.47000000000025,308.66000000000025,2475
2026-03-13T19:15:00+00:00,308.66000000000025,308.83000000000027,307.77000000000027,308.14000000000027,2872
2026-03-13T19:30:00+00:00,308.14000000000027,308.36000000000024,307.64000000000027,307.99000000000024,2880
2026-03-13T19:45:00+00:00,307.99000000000024,309.09000000000026,307.90000000000026,308.9300000000003,3758
2026-03-16T13:30:00+00:00,308.9300000000003,311.89000000000027,308.9300000000003,310.85000000000025,5377
2026-03-16T13:45:00+00:00,310.85000000000025,312.0000000000003,310.78000000000026,311.83000000000027,6149
2026-03-16T14:00:00+00:00,311.83000000000027,312.92000000000024,311.1800000000003,312.42000000000024,6160
2026-03-16T14:15:00+00:00,312.42000000000024,312.79000000000025,311.61000000000024,311.66000000000025,5354
2026-03-16T14:30:00+00:00,311.66000000000025,311.66000000000025,310.17000000000024,310.28000000000026,5115
2026-03-16T14:45:00+00:00,310.28000000000026,310.83000000000027,309.90000000000026,310.3700000000003,4575
2026-03-16T15:00:00+00:00,310.3700000000003,310.39000000000027,309.54000000000025,310.3100000000003,4181
2026-03-16T15:15:00+00:00,310.3100000000003,310.52000000000027,309.9500000000003,310.29000000000025,3163
2026-03-16T15:30:00+00:00,310.29000000000025,310.6800000000003,310.1900000000003,310.35000000000025,2468
2026-03-16T15:45:00+00:00,310.35000000000025,310.42000000000024,309.59000000000026,309.8100000000003,3585
2026-03-16T16:00:00+00:00,309.8100000000003,310.46000000000026,309.74000000000024,310.0000000000003,3489
2026-03-16T16:15:00+00:00,310.0000000000003,310.2000000000003,309.14000000000027,309.29000000000025,3774
2026-03-16T16:30:00+00:00,309.29000000000025,310.23000000000025,309.1800000000003,310.22000000000025,3788
2026-03-16T16:45:00+00:00,310.22000000000025,310.61000000000024,309.97000000000025,310.46000000000026,3113
2026-03-16T17:00:00+00:00,310.46000000000026,311.02000000000027,310.40000000000026,310.67000000000024,3454
2026-03-16T17:15:00+00:00,310.67000000000024,310.97000000000025,310.59000000000026,310.6300000000003,2384
2026-03-16T17:30:00+00:00,310.6300000000003,310.83000000000027,310.5100000000003,310.5600000000003,2327
2026-03-16T17:45:00+00:00,310.5600000000003,310.90000000000026,310.4300000000003,310.66000000000025,2546
2026-03-16T18:00:00+00:00,310.66000000000025,311.1900000000003,310.36000000000024,311.0100000000003,2643
2026-03-16T18:15:00+00:00,311.0100000000003,311.29000000000025,310.5600000000003,311.0000000000003,2569
2026-03-16T18:30:00+00:00,311.0000000000003,311.66000000000025,310.90000000000026,311.6200000000003,2133
2026-03-16T18:45:00+00:00,311.6200000000003,311.92000000000024,311.53000000000026,311.71000000000026,1974
2026-03-16T19:00:00+00:00,311.71000000000026,312.1900000000003,310.6200000000003,311.2600000000003,3128
2026-03-16T19:15:00+00:00,311.2600000000003,312.3700000000003,311.2600000000003,312.24000000000024,4066
2026-03-16T19:30:00+00:00,312.24000000000024,312.39000000000027,311.2600000000003,311.41000000000025,2813
2026-03-16T19:45:00+00:00,311.41000000000025,311.9400000000003,310.98000000000025,311.9300000000003,4196
2026-03-17T13:30:00+00:00,311.9300000000003,313.6300000000003,311.46000000000026,312.2000000000003,3647
2026-03-17T13:45:00+00:00,312.2000000000003,313.5600000000003,312.1800000000003,312.55000000000024,5192
2026-03-17T14:00:00+00:00,312.55000000000024,313.30000000000024,312.5000000000003,312.6200000000003,4587
2026-03-17T14:15:00+00:00,312.6200000000003,313.58000000000027,312.16000000000025,313.2600000000003,5003
2026-03-17T14:30:00+00:00,313.2600000000003,314.02000000000027,312.97000000000025,313.53000000000026,3749
2026-03-17T14:45:00+00:00,313.53000000000026,313.6800000000003,312.91000000000025,312.98000000000025,3126
2026-03-17T15:00:00+00:00,312.98000000000025,313.2500000000003,312.59000000000026,312.8200000000003,3324
2026-03-17T15:15:00+00:00,312.8200000000003,313.3800000000003,312.61000000000024,312.6300000000003,3448
2026-03-17T15:30:00+00:00,312.6300000000003,313.2000000000003,312.3800000000003,313.09000000000026,3666
2026-03-17T15:45:00+00:00,313.09000000000026,314.15000000000026,313.08000000000027,314.0000000000003,3248
2026-03-17T16:00:00+00:00,314.0000000000003,314.8200000000003,313.83000000000027,314.49000000000024,3685
2026-03-17T16:15:00+00:00,314.49000000000024,314.65000000000026,314.02000000000027,314.3800000000003,3029
2026-03-17T16:30:00+00:00,314.3800000000003,314.65000000000026,314.09000000000026,314.59000000000026,3243
2026-03-17T16:45:00+00:00,314.59000000000026,314.6300000000003,313.90000000000026,313.97000000000025,2316
2026-03-17T17:00:00+00:00,313.97000000000025,314.3700000000003,313.8200000000003,314.21000000000026,2299
2026-03-17T17:15:00+00:00,314.21000000000026,314.3100000000003,313.89000000000027,314.0600000000003,1704
2026-03-17T17:30:00+00:00,314.0600000000003,314.8200000000003,313.9300000000003,314.21000000000026,1884
2026-03-17T17:45:00+00:00,314.21000000000026,314.8800000000003,314.0600000000003,314.85000000000025,1833
2026-03-17T18:00:00+00:00,314.85000000000025,315.47000000000025,314.6300000000003,315.24000000000024,1951
2026-03-17T18:15:00+00:00,315.24000000000024,315.73000000000025,315.1200000000003,315.41000000000025,2151
2026-03-17T18:30:00+00:00,315.41000000000025,315.6900000000003,315.1200000000003,315.46000000000026,1952
2026-03-17T18:45:00+00:00,315.46000000000026,316.0700000000003,315.41000000000025,315.97000000000025,1778
2026-03-17T19:00:00+00:00,315.97000000000025,316.5100000000003,315.83000000000027,316.46000000000026,2152
2026-03-17T19:15:00+00:00,316.46000000000026,316.8200000000003,316.33000000000027,316.71000000000026,1840
2026-03-17T19:30:00+00:00,316.71000000000026,317.0100000000003,316.47000000000025,316.65000000000026,1780
2026-03-17T19:45:00+00:00,316.65000000000026,317.33000000000027,316.29000000000025,316.78000000000026,4615
2026-03-18T13:30:00+00:00,316.78000000000026,318.0700000000003,314.7500000000003,316.54000000000025,5469
2026-03-18T13:45:00+00:00,316.54000000000025,316.66000000000025,315.60000000000025,316.22000000000025,7103
2026-03-18T14:00:00+00:00,316.22000000000025,317.0100000000003,315.49000000000024,315.6900000000003,6259
2026-03-18T14:15:00+00:00,315.6900000000003,316.0100000000003,314.59000000000026,314.98000000000025,6149
2026-03-18T14:30:00+00:00,314.98000000000025,316.3700000000003,314.8700000000003,316.14000000000027,4432
2026-03-18T14:45:00+00:00,316.14000000000027,317.16000000000025,316.05000000000024,316.53000000000026,3778
2026-03-18T15:00:00+00:00,316.53000000000026,316.80000000000024,315.84000000000026,316.2600000000003,3733
2026-03-18T15:15:00+00:00,316.2600000000003,316.74000000000024,315.7600000000003,316.48000000000025,3321
2026-03-18T15:30:00+00:00,316.48000000000025,317.02000000000027,316.0600000000003,316.3200000000003,3110
2026-03-18T15:45:00+00:00,316.3200000000003,316.58000000000027,315.99000000000024,316.35000000000025,2720
2026-03-18T16:00:00+00:00,316.35000000000025,316.5700000000003,315.9400000000003,316.40000000000026,2735
2026-03-18T16:15:00+00:00,316.40000000000026,316.59000000000026,315.90000000000026,315.99000000000024,2210
2026-03-18T16:30:00+00:00,315.99000000000024,316.14000000000027,315.10000000000025,315.54000000000025,3073
2026-03-18T16:45:00+00:00,315.54000000000025,316.14000000000027,315.34000000000026,315.4400000000003,1951
2026-03-18T17:00:00+00:00,315.4400000000003,315.4400000000003,314.64000000000027,314.73000000000025,2336
2026-03-18T17:15:00+00:00,314.73000000000025,315.09000000000026,314.49000000000024,314.72000000000025,2266
2026-03-18T17:30:00+00:00,314.72000000000025,314.97000000000025,314.41000000000025,314.89000000000027,2260
2026-03-18T17:45:00+00:00,314.89000000000027,315.4500000000003,314.86000000000024,315.1900000000003,2259
2026-03-18T18:00:00+00:00,315.1900000000003,315.8200000000003,314.9300000000003,315.04000000000025,3705
2026-03-18T18:15:00+00:00,315.04000000000025,315.0700000000003,314.4300000000003,314.60000000000025,3104
2026-03-18T18:30:00+00:00,314.60000000000025,314.73000000000025,313.7600000000003,314.41000000000025,4662
2026-03-18T18:45:00+00:00,314.41000000000025,314.5000000000003,313.6900000000003,313.7500000000003,3479
2026-03-18T19:00:00+00:00,313.7500000000003,314.7500000000003,313.66000000000025,314.5100000000003,3375
2026-03-18T19:15:00+00:00,314.5100000000003,314.55000000000024,313.77000000000027,313.90000000000026,2719
2026-03-18T19:30:00+00:00,313.90000000000026,314.10000000000025,313.08000000000027,313.2500000000003,2835
2026-03-18T19:45:00+00:00,313.2500000000003,314.15000000000026,312.86000000000024,313.7600000000003,3722
2026-03-19T13:30:00+00:00,313.7600000000003,313.7600000000003,308.30000000000024,309.6200000000003,4867
2026-03-19T13:45:00+00:00,309.6200000000003,311.2500000000003,308.9400000000003,310.80000000000024,6738
2026-03-19T14:00:00+00:00,310.80000000000024,311.71000000000026,310.46000000000026,311.28000000000026,6424
2026-03-19T14:15:00+00:00,311.28000000000026,311.48000000000025,309.4500000000003,309.67000000000024,5420
2026-03-19T14:30:00+00:00,309.67000000000024,310.6800000000003,309.4300000000003,310.05000000000024,4659
2026-03-19T14:45:00+00:00,310.05000000000024,311.5100000000003,309.80000000000024,310.98000000000025,4144
2026-03-19T15:00:00+00:00,310.98000000000025,311.89000000000027,310.96000000000026,311.55000000000024,4105
2026-03-19T15:15:00+00:00,311.55000000000024,311.61000000000024,309.97000000000025,309.99000000000024,3741
2026-03-19T15:30:00+00:00,309.99000000000024,310.02000000000027,309.3700000000003,309.7600000000003,3918
2026-03-19T15:45:00+00:00,309.7600000000003,311.0700000000003,309.36000000000024,311.0600000000003,4214
2026-03-19T16:00:00+00:00,311.0600000000003,311.90000000000026,310.73000000000025,311.4500000000003,3540
2026-03-19T16:15:00+00:00,311.4500000000003,311.7000000000003,310.96000000000026,311.42000000000024,3208
2026-03-19T16:30:00+00:00,311.42000000000024,311.84000000000026,310.73000000000025,311.6300000000003,2784
2026-03-19T16:45:00+00:00,311.6300000000003,312.0100000000003,311.05000000000024,311.8800000000003,2570
2026-03-19T17:00:00+00:00,311.8800000000003,311.9400000000003,310.73000000000025,311.22000000000025,2853
2026-03-19T17:15:00+00:00,311.22000000000025,311.74000000000024,310.85000000000025,311.5100000000003,2548
2026-03-19T17:30:00+00:00,311.5100000000003,311.7600000000003,310.85000000000025,311.4400000000003,2131
2026-03-19T17:45:00+00:00,311.4400000000003,312.05000000000024,311.23000000000025,311.61000000000024,1870
2026-03-19T18:00:00+00:00,311.61000000000024,312.0100000000003,310.96000000000026,311.8100000000003,2107
2026-03-19T18:15:00+00:00,311.8100000000003,311.99000000000024,311.34000000000026,311.35000000000025,1624
2026-03-19T18:30:00+00:00,311.35000000000025,311.55000000000024,310.97000000000025,311.10000000000025,1735
2026-03-19T18:45:00+00:00,311.10000000000025,312.54000000000025,311.05000000000024,312.21000000000026,2051
2026-03-19T19:00:00+00:00,312.21000000000026,313.78000000000026,312.10000000000025,313.3100000000003,6132
2026-03-19T19:15:00+00:00,313.3100000000003,313.96000000000026,312.35000000000025,312.79000000000025,5102
2026-03-19T19:30:00+00:00,312.79000000000025,313.30000000000024,311.97000000000025,312.98000000000025,3850
2026-03-19T19:45:00+00:00,312.98000000000025,313.46000000000026,312.48000000000025,313.0100000000003,4819
2026-03-20T13:30:00+00:00,313.0100000000003,313.0100000000003,308.67000000000024,309.96000000000026,4518
2026-03-20T13:45:00+00:00,309.96000000000026,310.3200000000003,307.78000000000026,308.0600000000003,5587
2026-03-20T14:00:00+00:00,308.0600000000003,308.54000000000025,307.29000000000025,307.8800000000003,6179
2026-03-20T14:15:00+00:00,307.8800000000003,308.92000000000024,307.83000000000027,308.1300000000003,4805
2026-03-20T14:30:00+00:00,308.1300000000003,308.60000000000025,307.74000000000024,307.9400000000003,4263
2026-03-20T14:45:00+00:00,307.9400000000003,308.80000000000024,307.5000000000003,307.83000000000027,3974
2026-03-20T15:00:00+00:00,307.83000000000027,308.29000000000025,306.85000000000025,307.5700000000003,4544
2026-03-20T15:15:00+00:00,307.5700000000003,308.05000000000024,306.9500000000003,307.3800000000003,4899
2026-03-20T15:30:00+00:00,307.3800000000003,307.98000000000025,307.1800000000003,307.98000000000025,3545
2026-03-20T15:45:00+00:00,307.98000000000025,308.2600000000003,307.65000000000026,308.10000000000025,3059
2026-03-20T16:00:00+00:00,308.10000000000025,308.79000000000025,307.91000000000025,308.46000000000026,3023
2026-03-20T16:15:00+00:00,308.46000000000026,308.89000000000027,308.08000000000027,308.08000000000027,2999
2026-03-20T16:30:00+00:00,308.08000000000027,308.15000000000026,307.54000000000025,307.61000000000024,2907
2026-03-20T16:45:00+00:00,307.61000000000024,307.7600000000003,306.65000000000026,306.7500000000003,2678
2026-03-20T17:00:00+00:00,306.7500000000003,307.1900000000003,306.36000000000024,306.58000000000027,3279
2026-03-20T17:15:00+00:00,306.58000000000027,306.83000000000027,306.16000000000025,306.53000000000026,2371
2026-03-20T17:30:00+00:00,306.53000000000026,306.67000000000024,305.85000000000025,305.9300000000003,2169
2026-03-20T17:45:00+00:00,305.9300000000003,306.67000000000024,305.7500000000003,306.42000000000024,2339
2026-03-20T18:00:00+00:00,306.42000000000024,306.53000000000026,305.59000000000026,305.90000000000026,2471
2026-03-20T18:15:00+00:00,305.90000000000026,306.36000000000024,305.5600000000003,305.8200000000003,4251
2026-03-20T18:30:00+00:00,305.8200000000003,305.91000000000025,304.84000000000026,304.92000000000024,3023
2026-03-20T18:45:00+00:00,304.92000000000024,305.24000000000024,304.74000000000024,305.02000000000027,2716
2026-03-20T19:00:00+00:00,305.02000000000027,305.42000000000024,304.8800000000003,305.11000000000024,2468
2026-03-20T19:15:00+00:00,305.11000000000024,305.5100000000003,304.9400000000003,305.30000000000024,2500
2026-03-20T19:30:00+00:00,305.30000000000024,305.4500000000003,304.05000000000024,305.0600000000003,3338
2026-03-20T19:45:00+00:00,305.0600000000003,306.9400000000003,304.55000000000024,306.30000000000024,5365
2026-03-23T13:30:00+00:00,306.30000000000024,310.2000000000003,306.30000000000024,308.86000000000024,6704
2026-03-23T13:45:00+00:00,308.86000000000024,309.7000000000003,308.2600000000003,309.1300000000003,7224
2026-03-23T14:00:00+00:00,309.1300000000003,310.6900000000003,308.7500000000003,309.83000000000027,6570
2026-03-23T14:15:00+00:00,309.83000000000027,310.53000000000026,309.5000000000003,309.7600000000003,4809
2026-03-23T14:30:00+00:00,309.7600000000003,309.80000000000024,308.2600000000003,308.52000000000027,4797
2026-03-23T14:45:00+00:00,308.52000000000027,309.0600000000003,307.6900000000003,307.98000000000025,4580
2026-03-23T15:00:00+00:00,307.98000000000025,308.77000000000027,307.7500000000003,308.46000000000026,3853
2026-03-23T15:15:00+00:00,308.46000000000026,309.4500000000003,308.04000000000025,308.74000000000024,4687
2026-03-23T15:30:00+00:00,308.74000000000024,308.8700000000003,306.49000000000024,308.14000000000027,4819
2026-03-23T15:45:00+00:00,308.14000000000027,308.5100000000003,306.89000000000027,307.27000000000027,4989
2026-03-23T16:00:00+00:00,307.27000000000027,307.78000000000026,306.4300000000003,306.9500000000003,5924
2026-03-23T16:15:00+00:00,306.9500000000003,307.2600000000003,305.35000000000025,305.3700000000003,4603
2026-03-23T16:30:00+00:00,305.3700000000003,306.2600000000003,305.35000000000025,305.79000000000025,4685
2026-03-23T16:45:00+00:00,305.79000000000025,306.54000000000025,305.7500000000003,306.22000000000025,4068
2026-03-23T17:00:00+00:00,306.22000000000025,306.52000000000027,305.60000000000025,306.05000000000024,3716
2026-03-23T17:15:00+00:00,306.05000000000024,306.1800000000003,305.47000000000025,305.84000000000026,3263
2026-03-23T17:30:00+00:00,305.84000000000026,306.86000000000024,305.65000000000026,305.71000000000026,3467
2026-03-23T17:45:00+00:00,305.71000000000026,306.4300000000003,305.5600000000003,306.24000000000024,3374
2026-03-23T18:00:00+00:00,306.24000000000024,306.73000000000025,305.9400000000003,306.2500000000003,3960
2026-03-23T18:15:00+00:00,306.2500000000003,306.61000000000024,305.84000000000026,306.42000000000024,2887
2026-03-23T18:30:00+00:00,306.42000000000024,307.52000000000027,306.41000000000025,306.7600000000003,2945
2026-03-23T18:45:00+00:00,306.7600000000003,307.6800000000003,306.72000000000025,307.5000000000003,1941
2026-03-23T19:00:00+00:00,307.5000000000003,307.59000000000026,306.8700000000003,306.91000000000025,1863
2026-03-23T19:15:00+00:00,306.91000000000025,307.2600000000003,306.4500000000003,307.0100000000003,2271
2026-03-23T19:30:00+00:00,307.0100000000003,307.54000000000025,306.9400000000003,307.5000000000003,2758
2026-03-23T19:45:00+00:00,307.5000000000003,307.67000000000024,305.84000000000026,306.2500000000003,4615
2026-03-24T13:30:00+00:00,306.2500000000003,306.2500000000003,301.84000000000026,302.2000000000003,4007
2026-03-24T13:45:00+00:00,302.2000000000003,302.85000000000025,301.54000000000025,302.5600000000003,6264
2026-03-24T14:00:00+00:00,302.5600000000003,303.21000000000026,301.24000000000024,301.39000000000027,5558
2026-03-24T14:15:00+00:00,301.39000000000027,301.73000000000025,300.27000000000027,300.36000000000024,5604
2026-03-24T14:30:00+00:00,300.36000000000024,301.0100000000003,300.04000000000025,300.85000000000025,5116
2026-03-24T14:45:00+00:00,300.85000000000025,301.72000000000025,299.92000000000024,300.27000000000027,5751
2026-03-24T15:00:00+00:00,300.27000000000027,301.30000000000024,300.23000000000025,300.77000000000027,4831
2026-03-24T15:15:00+00:00,300.77000000000027,301.15000000000026,299.96000000000026,300.2500000000003,3349
2026-03-24T15:30:00+00:00,300.2500000000003,300.64000000000027,299.1900000000003,300.49000000000024,2830
2026-03-24T15:45:00+00:00,300.49000000000024,301.09000000000026,299.85000000000025,300.0100000000003,2847
2026-03-24T16:00:00+00:00,300.0100000000003,300.09000000000026,297.34000000000026,297.86000000000024,3699
2026-03-24T16:15:00+00:00,297.86000000000024,298.8200000000003,297.74000000000024,298.66000000000025,3548
2026-03-24T16:30:00+00:00,298.66000000000025,298.77000000000027,297.74000000000024,298.28000000000026,3223
2026-03-24T16:45:00+00:00,298.28000000000026,298.67000000000024,297.9500000000003,298.42000000000024,2716
2026-03-24T17:00:00+00:00,298.42000000000024,298.60000000000025,297.05000000000024,297.5100000000003,3657
2026-03-24T17:15:00+00:00,297.5100000000003,297.6300000000003,296.9400000000003,297.55000000000024,3069
2026-03-24T17:30:00+00:00,297.55000000000024,297.89000000000027,297.34000000000026,297.4300000000003,2514
2026-03-24T17:45:00+00:00,297.4300000000003,298.4400000000003,297.2600000000003,298.3100000000003,3408
2026-03-24T18:00:00+00:00,298.3100000000003,298.84000000000026,297.9400000000003,298.2000000000003,3030
2026-03-24T18:15:00+00:00,298.2000000000003,298.5000000000003,297.74000000000024,298.34000000000026,3212
2026-03-24T18:30:00+00:00,298.34000000000026,299.1800000000003,298.08000000000027,298.73000000000025,3176
2026-03-24T18:45:00+00:00,298.73000000000025,298.83000000000027,297.8100000000003,298.11000000000024,2767
2026-03-24T19:00:00+00:00,298.11000000000024,298.6900000000003,298.08000000000027,298.36000000000024,2286
2026-03-24T19:15:00+00:00,298.36000000000024,298.53000000000026,297.0000000000003,297.0100000000003,2305
2026-03-24T19:30:00+00:00,297.0100000000003,297.15000000000026,296.35000000000025,296.64000000000027,2715
2026-03-24T19:45:00+00:00,296.64000000000027,297.09000000000026,296.1800000000003,296.5000000000003,4327
2026-03-25T13:30:00+00:00,296.5000000000003,301.97000000000025,296.5000000000003,299.53000000000026,5173
2026-03-25T13:45:00+00:00,299.53000000000026,299.66000000000025,297.4400000000003,297.58000000000027,6953
2026-03-25T14:00:00+00:00,297.58000000000027,297.77000000000027,296.17000000000024,297.4400000000003,6414
2026-03-25T14:15:00+00:00,297.4400000000003,297.52000000000027,296.35000000000025,296.9300000000003,5695
2026-03-25T14:30:00+00:00,296.9300000000003,298.0000000000003,296.60000000000025,297.78000000000026,4978
2026-03-25T14:45:00+00:00,297.78000000000026,298.2000000000003,297.05000000000024,297.36000000000024,4276
2026-03-25T15:00:00+00:00,297.36000000000024,297.85000000000025,296.84000000000026,296.92000000000024,4041
2026-03-25T15:15:00+00:00,296.92000000000024,297.14000000000027,295.3700000000003,297.0700000000003,5721
2026-03-25T15:30:00+00:00,297.0700000000003,297.3100000000003,295.49000000000024,295.73000000000025,3986
2026-03-25T15:45:00+00:00,295.73000000000025,296.5000000000003,295.4500000000003,296.40000000000026,3675
2026-03-25T16:00:00+00:00,296.40000000000026,296.55000000000024,295.8800000000003,296.42000000000024,3906
2026-03-25T16:15:00+00:00,296.42000000000024,297.1200000000003,296.09000000000026,296.99000000000024,3926
2026-03-25T16:30:00+00:00,296.99000000000024,297.30000000000024,296.3800000000003,296.52000000000027,3273
2026-03-25T16:45:00+00:00,296.52000000000027,296.8100000000003,296.28000000000026,296.5000000000003,2671
2026-03-25T17:00:00+00:00,296.5000000000003,296.8100000000003,296.0100000000003,296.36000000000024,3144
2026-03-25T17:15:00+00:00,296.36000000000024,296.80000000000024,295.92000000000024,296.5100000000003,2928
2026-03-25T17:30:00+00:00,296.5100000000003,297.36000000000024,296.34000000000026,297.04000000000025,2874
2026-03-25T17:45:00+00:00,297.04000000000025,297.10000000000025,296.09000000000026,296.58000000000027,3367
2026-03-25T18:00:00+00:00,296.58000000000027,296.7600000000003,295.7000000000003,295.73000000000025,2809
2026-03-25T18:15:00+00:00,295.73000000000025,295.96000000000026,295.3700000000003,295.5000000000003,2514
2026-03-25T18:30:00+00:00,295.5000000000003,295.74000000000024,295.3200000000003,295.6200000000003,2294
2026-03-25T18:45:00+00:00,295.6200000000003,295.7500000000003,294.67000000000024,295.2500000000003,2845
2026-03-25T19:00:00+00:00,295.2500000000003,295.6900000000003,294.8800000000003,295.64000000000027,2864
2026-03-25T19:15:00+00:00,295.64000000000027,295.91000000000025,295.42000000000024,295.72000000000025,2246
2026-03-25T19:30:00+00:00,295.72000000000025,295.9500000000003,295.48000000000025,295.7500000000003,2223
2026-03-25T19:45:00+00:00,295.7500000000003,297.0100000000003,295.59000000000026,296.8800000000003,3829
2026-03-26T13:30:00+00:00,296.8800000000003,296.8800000000003,290.2600000000003,292.1300000000003,5967
2026-03-26T13:45:00+00:00,292.1300000000003,293.15000000000026,291.78000000000026,292.60000000000025,6472
2026-03-26T14:00:00+00:00,292.60000000000025,293.58000000000027,292.09000000000026,293.0700000000003,5187
2026-03-26T14:15:00+00:00,293.0700000000003,293.47000000000025,292.1900000000003,292.2000000000003,4839
2026-03-26T14:30:00+00:00,292.2000000000003,293.84000000000026,292.15000000000026,292.8100000000003,5194
2026-03-26T14:45:00+00:00,292.8100000000003,293.2000000000003,291.92000000000024,292.46000000000026,5474
2026-03-26T15:00:00+00:00,292.46000000000026,292.65000000000026,291.80000000000024,292.02000000000027,4301
2026-03-26T15:15:00+00:00,292.02000000000027,292.11000000000024,291.40000000000026,291.8800000000003,3299
2026-03-26T15:30:00+00:00,291.8800000000003,291.8800000000003,290.9400000000003,291.3700000000003,3087
2026-03-26T15:45:00+00:00,291.3700000000003,291.97000000000025,291.0000000000003,291.21000000000026,3816
2026-03-26T16:00:00+00:00,291.21000000000026,291.49000000000024,290.59000000000026,291.08000000000027,2950
2026-03-26T16:15:00+00:00,291.08000000000027,291.15000000000026,290.53000000000026,290.64000000000027,3544
2026-03-26T16:30:00+00:00,290.64000000000027,291.0700000000003,290.30000000000024,290.5600000000003,3376
2026-03-26T16:45:00+00:00,290.5600000000003,290.90000000000026,289.92000000000024,290.55000000000024,3361
2026-03-26T17:00:00+00:00,290.55000000000024,290.8100000000003,289.7000000000003,289.77000000000027,2933
2026-03-26T17:15:00+00:00,289.77000000000027,290.14000000000027,289.24000000000024,289.47000000000025,3051
2026-03-26T17:30:00+00:00,289.47000000000025,289.8800000000003,289.3100000000003,289.4400000000003,3308
2026-03-26T17:45:00+00:00,289.4400000000003,289.48000000000025,288.6900000000003,288.8100000000003,3723
2026-03-26T18:00:00+00:00,288.8100000000003,289.1800000000003,286.39000000000027,286.65000000000026,4758
2026-03-26T18:15:00+00:00,286.65000000000026,288.10000000000025,286.54000000000025,287.73000000000025,3822
2026-03-26T18:30:00+00:00,287.73000000000025,288.60000000000025,287.61000000000024,288.05000000000024,2865
2026-03-26T18:45:00+00:00,288.05000000000024,288.8200000000003,287.92000000000024,288.52000000000027,2473
2026-03-26T19:00:00+00:00,288.52000000000027,288.55000000000024,287.34000000000026,288.16000000000025,2407
2026-03-26T19:15:00+00:00,288.16000000000025,288.58000000000027,287.9500000000003,288.4400000000003,1883
2026-03-26T19:30:00+00:00,288.4400000000003,288.47000000000025,287.3100000000003,287.39000000000027,2825
2026-03-26T19:45:00+00:00,287.39000000000027,288.74000000000024,287.16000000000025,288.10000000000025,5023
2026-03-27T13:30:00+00:00,288.10000000000025,288.10000000000025,282.22000000000025,284.28000000000026,4919
2026-03-27T13:45:00+00:00,284.28000000000026,285.03000000000026,283.59000000000026,283.71000000000026,6639
2026-03-27T14:00:00+00:00,283.71000000000026,285.47000000000025,283.54000000000025,284.98000000000025,6210
2026-03-27T14:15:00+00:00,284.98000000000025,286.0000000000003,284.8700000000003,284.98000000000025,4972
2026-03-27T14:30:00+00:00,284.98000000000025,285.9500000000003,284.4500000000003,285.8800000000003,4485
2026-03-27T14:45:00+00:00,285.8800000000003,286.40000000000026,285.54000000000025,285.89000000000027,4592
2026-03-27T15:00:00+00:00,285.89000000000027,286.15000000000026,284.7500000000003,284.77000000000027,4175
2026-03-27T15:15:00+00:00,284.77000000000027,285.52000000000027,284.54000000000025,285.27000000000027,4457
2026-03-27T15:30:00+00:00,285.27000000000027,285.7500000000003,284.46000000000026,284.89000000000027,4182
2026-03-27T15:45:00+00:00,284.89000000000027,284.98000000000025,284.48000000000025,284.7600000000003,3315
2026-03-27T16:00:00+00:00,284.7600000000003,284.8100000000003,283.66000000000025,283.92000000000024,3222
2026-03-27T16:15:00+00:00,283.92000000000024,283.96000000000026,283.28000000000026,283.49000000000024,3070
2026-03-27T16:30:00+00:00,283.49000000000024,283.6900000000003,282.99000000000024,283.48000000000025,2688
2026-03-27T16:45:00+00:00,283.48000000000025,283.90000000000026,283.24000000000024,283.35000000000025,2620
2026-03-27T17:00:00+00:00,283.35000000000025,283.6200000000003,282.79000000000025,283.1800000000003,2728
2026-03-27T17:15:00+00:00,283.1800000000003,283.27000000000027,281.60000000000025,281.7000000000003,3029
2026-03-27T17:30:00+00:00,281.7000000000003,282.08000000000027,281.0000000000003,281.24000000000024,2996
2026-03-27T17:45:00+00:00,281.24000000000024,281.6700000000003,281.16000000000025,281.44000000000034,2788.8038032338873
2026-03-27T18:00:00+00:00,281.44000000000034,281.6100000000003,281.0500000000003,281.3900000000003,2517
2026-03-27T18:15:00+00:00,281.3900000000003,282.5200000000003,281.3400000000003,282.3000000000003,2738
2026-03-27T18:30:00+00:00,282.3000000000003,282.75000000000034,282.0900000000003,282.4600000000003,2598
2026-03-27T18:45:00+00:00,282.4600000000003,282.7400000000003,282.01000000000033,282.0800000000003,2218
2026-03-27T19:00:00+00:00,282.0800000000003,282.3900000000003,281.87000000000035,282.3600000000003,2184
2026-03-27T19:15:00+00:00,282.3600000000003,282.68000000000035,281.76000000000033,281.88000000000034,1943
2026-03-27T19:30:00+00:00,281.88000000000034,282.26000000000033,281.3900000000003,281.70000000000033,2320
2026-03-27T19:45:00+00:00,281.70000000000033,281.7100000000003,280.7900000000003,281.12000000000035,4507
2026-03-30T13:30:00+00:00,281.12000000000035,283.4700000000003,280.63000000000034,281.38000000000034,5397
2026-03-30T13:45:00+00:00,281.38000000000034,281.7900000000003,280.3400000000003,280.3900000000003,7297
2026-03-30T14:00:00+00:00,280.3900000000003,281.57000000000033,279.8400000000003,280.7200000000003,6681
2026-03-30T14:15:00+00:00,280.7200000000003,280.8500000000003,279.8400000000003,280.63000000000034,6251
2026-03-30T14:30:00+00:00,280.63000000000034,281.01000000000033,279.7800000000003,280.01000000000033,4999
2026-03-30T14:45:00+00:00,280.01000000000033,281.2800000000003,279.94000000000034,281.26000000000033,5517
2026-03-30T15:00:00+00:00,281.26000000000033,281.5200000000003,280.0300000000003,280.31000000000034,4438
2026-03-30T15:15:00+00:00,280.31000000000034,281.0500000000003,279.9900000000003,280.7200000000003,4148
2026-03-30T15:30:00+00:00,280.7200000000003,281.9600000000003,280.6700000000003,281.9200000000003,4033
2026-03-30T15:45:00+00:00,281.9200000000003,282.5500000000003,281.7400000000003,281.8900000000003,3940
2026-03-30T16:00:00+00:00,281.8900000000003,282.01000000000033,281.3900000000003,281.5200000000003,3758
2026-03-30T16:15:00+00:00,281.5200000000003,281.6400000000003,280.8900000000003,280.9100000000003,3290
2026-03-30T16:30:00+00:00,280.9100000000003,281.38000000000034,280.7400000000003,281.19000000000034,3425
2026-03-30T16:45:00+00:00,281.19000000000034,281.2100000000003,280.75000000000034,280.87000000000035,3097
2026-03-30T17:00:00+00:00,280.87000000000035,281.07000000000033,280.4600000000003,280.4800000000003,3362
2026-03-30T17:15:00+00:00,280.4800000000003,281.2700000000003,280.3500000000003,280.7300000000003,3625
2026-03-30T17:30:00+00:00,280.7300000000003,280.8900000000003,280.31000000000034,280.82000000000033,4043
2026-03-30T17:45:00+00:00,280.82000000000033,281.0500000000003,280.38000000000034,280.6700000000003,3317
2026-03-30T18:00:00+00:00,280.6700000000003,280.87000000000035,280.3400000000003,280.7200000000003,3167
2026-03-30T18:15:00+00:00,280.7200000000003,280.8000000000003,279.8500000000003,279.88000000000034,2761
2026-03-30T18:30:00+00:00,279.88000000000034,280.1500000000003,279.70000000000033,279.8600000000003,2687
2026-03-30T18:45:00+00:00,279.8600000000003,279.9700000000003,279.50000000000034,279.5500000000003,2862
2026-03-30T19:00:00+00:00,279.5500000000003,279.75000000000034,279.1000000000003,279.12000000000035,3474
2026-03-30T19:15:00+00:00,279.12000000000035,279.5200000000003,279.00000000000034,279.13000000000034,3260
2026-03-30T19:30:00+00:00,279.13000000000034,279.5900000000003,278.8600000000003,279.44000000000034,4087
2026-03-30T19:45:00+00:00,279.44000000000034,280.8300000000003,279.43000000000035,280.3300000000003,4810
2026-03-31T13:30:00+00:00,280.3300000000003,286.00000000000034,280.3300000000003,284.2200000000003,5729
2026-03-31T13:45:00+00:00,284.2200000000003,287.1000000000003,284.2200000000003,286.9700000000003,6714
2026-03-31T14:00:00+00:00,286.9700000000003,287.7800000000003,286.8600000000003,287.6600000000003,6102
2026-03-31T14:15:00+00:00,287.6600000000003,288.94000000000034,287.5500000000003,288.7200000000003,6229
2026-03-31T14:30:00+00:00,288.7200000000003,289.12000000000035,287.88000000000034,287.93000000000035,5025
2026-03-31T14:45:00+00:00,287.93000000000035,288.3900000000003,287.06000000000034,287.3900000000003,5173
2026-03-31T15:00:00+00:00,287.3900000000003,288.9100000000003,287.3900000000003,288.8900000000003,4770
2026-03-31T15:15:00+00:00,288.8900000000003,289.07000000000033,288.0500000000003,288.0900000000003,4569
2026-03-31T15:30:00+00:00,288.0900000000003,288.4900000000003,287.70000000000033,287.9100000000003,4504
2026-03-31T15:45:00+00:00,287.9100000000003,288.38000000000034,287.6700000000003,287.7300000000003,4203
2026-03-31T16:00:00+00:00,287.7300000000003,288.7700000000003,287.5500000000003,288.51000000000033,4143
2026-03-31T16:15:00+00:00,288.51000000000033,288.9600000000003,288.3500000000003,288.7400000000003,3854
2026-03-31T16:30:00+00:00,288.7400000000003,291.2100000000003,288.2700000000003,290.70000000000033,5089
2026-03-31T16:45:00+00:00,290.70000000000033,291.9000000000003,290.4600000000003,291.3500000000003,7237
2026-03-31T17:00:00+00:00,291.3500000000003,293.38000000000034,291.31000000000034,293.3400000000003,6776
2026-03-31T17:15:00+00:00,293.3400000000003,294.2800000000003,293.0400000000003,293.1700000000003,6111
2026-03-31T17:30:00+00:00,293.1700000000003,294.3500000000003,292.5800000000003,292.94000000000034,6551
2026-03-31T17:45:00+00:00,292.94000000000034,293.1700000000003,292.43000000000035,292.88000000000034,4588
2026-03-31T18:00:00+00:00,292.88000000000034,293.57000000000033,292.8600000000003,293.31000000000034,4410
2026-03-31T18:15:00+00:00,293.31000000000034,293.68000000000035,292.9600000000003,293.4000000000003,4101
2026-03-31T18:30:00+00:00,293.4000000000003,293.5400000000003,292.9600000000003,293.0800000000003,3936
2026-03-31T18:45:00+00:00,293.0800000000003,293.5800000000003,293.0500000000003,293.31000000000034,3349
2026-03-31T19:00:00+00:00,293.31000000000034,293.69000000000034,293.0500000000003,293.5800000000003,3001
2026-03-31T19:15:00+00:00,293.5800000000003,293.8400000000003,292.8000000000003,292.9800000000003,3423
2026-03-31T19:30:00+00:00,292.9800000000003,293.6700000000003,292.81000000000034,293.2700000000003,3747
2026-03-31T19:45:00+00:00,293.2700000000003,294.4000000000003,293.0900000000003,294.3000000000003,5814
2026-04-01T13:30:00+00:00,294.3000000000003,301.5900000000003,294.3000000000003,300.1500000000003,7262
2026-04-01T13:45:00+00:00,300.1500000000003,301.7200000000003,299.44000000000034,300.9600000000003,8888
2026-04-01T14:00:00+00:00,300.9600000000003,301.8300000000003,300.5300000000003,301.20000000000033,7987
2026-04-01T14:15:00+00:00,301.20000000000033,301.95000000000033,300.8600000000003,301.51000000000033,6975
2026-04-01T14:30:00+00:00,301.51000000000033,301.7900000000003,300.4000000000003,300.5900000000003,5903
2026-04-01T14:45:00+00:00,300.5900000000003,302.0800000000003,299.94000000000034,301.8500000000003,4716
2026-04-01T15:00:00+00:00,301.8500000000003,302.4600000000003,301.4800000000003,302.0800000000003,4549
2026-04-01T15:15:00+00:00,302.0800000000003,302.4600000000003,301.76000000000033,301.76000000000033,3796
2026-04-01T15:30:00+00:00,301.76000000000033,302.43000000000035,301.37000000000035,302.3000000000003,4083
2026-04-01T15:45:00+00:00,302.3000000000003,302.93000000000035,302.2800000000003,302.75000000000034,3011
2026-04-01T16:00:00+00:00,302.75000000000034,303.06000000000034,302.2800000000003,302.7800000000003,3120
2026-04-01T16:15:00+00:00,302.7800000000003,303.44000000000034,302.6700000000003,302.9100000000003,2920
2026-04-01T16:30:00+00:00,302.9100000000003,304.1400000000003,302.82000000000033,304.12000000000035,2434
2026-04-01T16:45:00+00:00,304.12000000000035,304.8600000000003,303.94000000000034,304.5800000000003,2624
2026-04-01T17:00:00+00:00,304.5800000000003,305.18000000000035,304.4900000000003,304.87000000000035,3044
2026-04-01T17:15:00+00:00,304.87000000000035,305.31000000000034,304.69000000000034,304.7300000000003,2609
2026-04-01T17:30:00+00:00,304.7300000000003,305.1100000000003,304.3900000000003,304.9200000000003,2760
2026-04-01T17:45:00+00:00,304.9200000000003,304.9700000000003,303.75000000000034,303.7700000000003,3103
2026-04-01T18:00:00+00:00,303.7700000000003,303.7900000000003,303.06000000000034,303.0900000000003,4471
2026-04-01T18:15:00+00:00,303.0900000000003,303.1400000000003,301.70000000000033,301.9800000000003,4884
2026-04-01T18:30:00+00:00,301.9800000000003,302.13000000000034,301.0900000000003,301.8000000000003,4482
2026-04-01T18:45:00+00:00,301.8000000000003,302.07000000000033,301.3900000000003,301.7100000000003,3899
2026-04-01T19:00:00+00:00,301.7100000000003,302.6400000000003,301.4700000000003,302.4700000000003,2976
2026-04-01T19:15:00+00:00,302.4700000000003,303.0400000000003,302.25000000000034,302.76000000000033,3131
2026-04-01T19:30:00+00:00,302.76000000000033,302.93000000000035,302.0400000000003,302.5200000000003,3343
2026-04-01T19:45:00+00:00,302.5200000000003,302.9200000000003,301.3500000000003,302.32000000000033,5358
2026-04-02T13:30:00+00:00,302.32000000000033,302.32000000000033,294.87000000000035,296.0800000000003,7398
2026-04-02T13:45:00+00:00,296.0800000000003,299.2200000000003,295.76000000000033,299.18000000000035,9400
2026-04-02T14:00:00+00:00,299.18000000000035,300.3400000000003,299.0300000000003,299.7900000000003,9359
2026-04-02T14:15:00+00:00,299.7900000000003,300.6400000000003,299.4100000000003,299.44000000000034,9141
2026-04-02T14:30:00+00:00,299.44000000000034,303.19000000000034,299.3500000000003,302.62000000000035,6951
2026-04-02T14:45:00+00:00,302.62000000000035,302.8000000000003,300.56000000000034,301.4800000000003,7506.8477599412445
2026-04-02T15:00:00+00:00,301.4800000000003,301.8300000000003,300.6300000000003,301.2900000000003,6796
2026-04-02T15:15:00+00:00,301.2900000000003,301.5200000000003,300.4900000000003,301.3300000000003,5669
2026-04-02T15:30:00+00:00,301.3300000000003,301.6400000000003,300.8000000000003,301.2900000000003,5108
2026-04-02T15:45:00+00:00,301.2900000000003,301.3000000000003,300.3600000000003,300.8300000000003,5282
2026-04-02T16:00:00+00:00,300.8300000000003,301.0700000000003,300.3400000000003,300.6900000000003,4544
2026-04-02T16:15:00+00:00,300.6900000000003,301.0000000000003,300.3500000000003,300.7700000000003,4001
2026-04-02T16:30:00+00:00,300.7700000000003,301.8100000000003,300.4300000000003,301.7100000000003,4419
2026-04-02T16:45:00+00:00,301.7100000000003,301.8900000000003,301.3800000000003,301.5000000000003,3528
2026-04-02T17:00:00+00:00,301.5000000000003,301.6500000000003,301.0000000000003,301.4900000000003,3755
2026-04-02T17:15:00+00:00,301.4900000000003,301.9300000000003,301.4800000000003,301.7200000000003,3528
2026-04-02T17:30:00+00:00,301.7200000000003,301.9200000000003,301.4600000000003,301.6000000000003,3691
2026-04-02T17:45:00+00:00,301.6000000000003,301.6800000000003,300.6500000000003,301.1600000000003,4043
2026-04-02T18:00:00+00:00,301.1600000000003,301.7200000000003,301.1600000000003,301.3700000000003,3831
2026-04-02T18:15:00+00:00,301.3700000000003,301.6100000000003,300.8500000000003,300.8700000000003,3483
2026-04-02T18:30:00+00:00,300.8700000000003,301.3100000000003,300.6600000000003,301.0800000000003,3130
2026-04-02T18:45:00+00:00,301.0800000000003,301.4200000000003,301.0300000000003,301.0900000000003,2651
2026-04-02T19:00:00+00:00,301.0900000000003,301.76000000000033,301.0300000000003,301.3400000000003,2621
2026-04-02T19:15:00+00:00,301.3400000000003,301.4300000000003,300.6400000000003,300.7300000000003,2923
2026-04-02T19:30:00+00:00,300.7300000000003,301.1000000000003,300.6500000000003,300.8800000000003,2480
2026-04-02T19:45:00+00:00,300.8800000000003,301.8900000000003,300.8200000000003,301.8200000000003,3693
2026-04-06T13:30:00+00:00,301.8200000000003,303.76000000000033,301.1700000000003,303.5500000000003,6236
2026-04-06T13:45:00+00:00,303.5500000000003,304.6000000000003,303.4400000000003,303.9000000000003,7394
2026-04-06T14:00:00+00:00,303.9000000000003,304.1400000000003,302.4200000000003,303.6400000000003,6992
2026-04-06T14:15:00+00:00,303.6400000000003,304.3500000000003,303.4300000000003,304.1300000000003,5777
2026-04-06T14:30:00+00:00,304.1300000000003,304.3200000000003,303.1800000000003,303.4000000000003,7050
2026-04-06T14:45:00+00:00,303.4000000000003,303.4100000000003,302.4300000000003,303.1100000000003,6151
2026-04-06T15:00:00+00:00,303.1100000000003,303.7400000000003,303.0400000000003,303.6200000000003,5079
2026-04-06T15:15:00+00:00,303.6200000000003,304.0500000000003,302.8400000000003,302.9600000000003,4414
2026-04-06T15:30:00+00:00,302.9600000000003,303.26000000000033,302.5300000000003,303.2200000000003,4390
2026-04-06T15:45:00+00:00,303.2200000000003,303.4300000000003,303.0000000000003,303.2300000000003,3750
2026-04-06T16:00:00+00:00,303.2300000000003,303.7300000000003,303.1200000000003,303.6100000000003,3505
2026-04-06T16:15:00+00:00,303.6100000000003,304.2700000000003,303.5800000000003,304.1600000000003,2899
2026-04-06T16:30:00+00:00,304.1600000000003,304.5800000000003,304.0200000000003,304.4900000000003,2337
2026-04-06T16:45:00+00:00,304.4900000000003,304.9800000000003,304.3600000000003,304.4800000000003,2781
2026-04-06T17:00:00+00:00,304.4800000000003,304.5200000000003,303.3400000000003,303.5600000000003,3836
2026-04-06T17:15:00+00:00,303.5600000000003,304.6900000000003,303.4300000000003,304.6000000000003,4699
2026-04-06T17:30:00+00:00,304.6000000000003,304.9600000000003,304.3500000000003,304.5500000000003,3954
2026-04-06T17:45:00+00:00,304.5500000000003,304.5500000000003,304.1300000000003,304.1900000000003,3162
2026-04-06T18:00:00+00:00,304.1900000000003,304.9800000000003,303.8500000000003,304.7300000000003,3726
2026-04-06T18:15:00+00:00,304.7300000000003,305.8200000000003,304.6900000000003,305.5400000000003,4074
2026-04-06T18:30:00+00:00,305.5400000000003,305.7100000000003,305.2400000000003,305.4600000000003,2808
2026-04-06T18:45:00+00:00,305.4600000000003,305.6700000000003,305.4200000000003,305.4800000000003,2299
2026-04-06T19:00:00+00:00,305.4800000000003,305.7800000000003,305.2500000000003,305.5400000000003,1834
2026-04-06T19:15:00+00:00,305.5400000000003,305.5800000000003,305.1700000000003,305.2700000000003,1882
2026-04-06T19:30:00+00:00,305.2700000000003,305.4000000000003,304.76000000000033,304.8400000000003,1371
2026-04-06T19:45:00+00:00,304.8400000000003,305.4100000000003,304.4800000000003,304.9600000000003,2985
2026-04-07T13:30:00+00:00,304.9600000000003,308.1700000000003,304.9600000000003,306.9000000000003,6011
2026-04-07T13:45:00+00:00,306.9000000000003,306.9300000000003,304.0300000000003,304.0300000000003,6768
2026-04-07T14:00:00+00:00,304.0300000000003,304.1400000000003,302.8300000000003,303.51000000000033,5932
2026-04-07T14:15:00+00:00,303.51000000000033,305.8400000000003,303.51000000000033,305.8100000000003,5066
2026-04-07T14:30:00+00:00,305.8100000000003,306.6300000000003,305.4200000000003,305.7100000000003,5900
2026-04-07T14:45:00+00:00,305.7100000000003,306.4000000000003,305.2300000000003,305.3300000000003,6094
2026-04-07T15:00:00+00:00,305.3300000000003,305.5800000000003,304.4300000000003,305.5800000000003,6304
2026-04-07T15:15:00+00:00,305.5800000000003,306.5700000000003,305.3500000000003,306.2900000000003,5598
2026-04-07T15:30:00+00:00,306.2900000000003,306.8300000000003,305.7500000000003,305.8900000000003,3764
2026-04-07T15:45:00+00:00,305.8900000000003,307.3400000000003,305.8400000000003,307.3200000000003,3800
2026-04-07T16:00:00+00:00,307.3200000000003,308.5200000000003,307.20000000000033,308.0200000000003,5642
2026-04-07T16:15:00+00:00,308.0200000000003,308.7700000000003,307.7800000000003,308.4000000000003,4369
2026-04-07T16:30:00+00:00,308.4000000000003,308.8200000000003,307.9100000000003,308.2500000000003,3628
2026-04-07T16:45:00+00:00,308.2500000000003,308.6600000000003,308.0000000000003,308.0900000000003,3720
2026-04-07T17:00:00+00:00,308.0900000000003,308.3600000000003,307.9700000000003,308.1500000000003,3727
2026-04-07T17:15:00+00:00,308.1500000000003,308.45000000000033,308.0900000000003,308.2200000000003,2799
2026-04-07T17:30:00+00:00,308.2200000000003,309.7100000000003,307.9800000000003,308.7700000000003,3832
2026-04-07T17:45:00+00:00,308.7700000000003,309.4900000000003,308.6700000000003,309.0200000000003,3256
2026-04-07T18:00:00+00:00,309.0200000000003,309.2100000000003,308.6400000000003,309.0500000000003,3005
2026-04-07T18:15:00+00:00,309.0500000000003,309.2800000000003,308.4400000000003,308.5300000000003,3224
2026-04-07T18:30:00+00:00,308.5300000000003,308.6100000000003,307.8300000000003,307.9300000000003,3013
2026-04-07T18:45:00+00:00,307.9300000000003,308.1500000000003,306.95000000000033,307.1800000000003,3894
2026-04-07T19:00:00+00:00,307.1800000000003,307.6400000000003,306.9400000000003,307.2800000000003,3811
2026-04-07T19:15:00+00:00,307.2800000000003,308.8900000000003,307.2100000000003,308.2400000000003,6846
2026-04-07T19:30:00+00:00,308.2400000000003,309.1700000000003,307.9200000000003,308.9600000000003,4508
2026-04-07T19:45:00+00:00,308.9600000000003,311.51000000000033,308.6900000000003,311.3300000000003,6946
2026-04-08T13:30:00+00:00,311.3300000000003,326.6200000000003,311.3300000000003,322.9400000000003,8087
2026-04-08T13:45:00+00:00,322.9400000000003,324.20000000000033,320.1200000000003,320.4800000000003,7065
2026-04-08T14:00:00+00:00,320.4800000000003,321.6400000000003,320.1600000000003,320.8900000000003,5115
2026-04-08T14:15:00+00:00,320.8900000000003,321.95000000000033,320.6300000000003,321.76000000000033,4682
2026-04-08T14:30:00+00:00,321.76000000000033,322.0400000000003,321.2200000000003,321.6800000000003,5683
2026-04-08T14:45:00+00:00,321.6800000000003,321.8800000000003,320.1900000000003,320.8200000000003,5587.0859188544155
2026-04-08T15:00:00+00:00,320.8200000000003,321.7800000000003,320.65000000000026,321.46000000000026,4603
2026-04-08T15:15:00+00:00,321.46000000000026,321.6100000000003,321.0100000000003,321.4100000000003,3591
2026-04-08T15:30:00+00:00,321.4100000000003,322.5400000000003,321.1300000000003,322.2400000000003,3599
2026-04-08T15:45:00+00:00,322.2400000000003,323.15000000000026,322.2200000000003,323.0300000000003,2681
2026-04-08T16:00:00+00:00,323.0300000000003,323.4800000000003,322.6300000000003,322.7600000000003,2923
2026-04-08T16:15:00+00:00,322.7600000000003,323.5000000000003,322.2900000000003,323.39000000000027,3548
2026-04-08T16:30:00+00:00,323.39000000000027,324.1700000000003,323.1300000000003,324.0100000000003,2878
2026-04-08T16:45:00+00:00,324.0100000000003,324.7400000000003,323.9500000000003,324.1000000000003,2621
2026-04-08T17:00:00+00:00,324.1000000000003,324.2900000000003,323.52000000000027,323.59000000000026,2104
2026-04-08T17:15:00+00:00,323.59000000000026,323.8100000000003,322.9400000000003,323.02000000000027,2737
2026-04-08T17:30:00+00:00,323.02000000000027,323.40000000000026,322.5300000000003,323.2300000000003,3086
2026-04-08T17:45:00+00:00,323.2300000000003,323.39000000000027,322.83000000000027,323.2800000000003,2136
2026-04-08T18:00:00+00:00,323.2800000000003,324.0100000000003,322.7800000000003,323.9100000000003,2728
2026-04-08T18:15:00+00:00,323.9100000000003,324.0300000000003,322.9100000000003,323.0000000000003,4880
2026-04-08T18:30:00+00:00,323.0000000000003,323.65000000000026,322.3500000000003,322.40000000000026,3320
2026-04-08T18:45:00+00:00,322.40000000000026,323.1800000000003,322.0300000000003,322.1200000000003,2710
2026-04-08T19:00:00+00:00,322.1200000000003,322.9300000000003,322.0100000000003,322.8000000000003,2740
2026-04-08T19:15:00+00:00,322.8000000000003,322.90000000000026,321.65000000000026,321.9400000000003,2910
2026-04-08T19:30:00+00:00,321.9400000000003,322.6200000000003,321.8000000000003,322.4100000000003,2831
2026-04-08T19:45:00+00:00,322.4100000000003,322.84000000000026,321.2800000000003,322.3200000000003,3917
2026-04-09T13:30:00+00:00,322.3200000000003,322.3200000000003,317.96000000000026,319.0700000000003,5113
2026-04-09T13:45:00+00:00,319.0700000000003,319.14000000000027,317.7200000000003,318.2900000000003,5419
2026-04-09T14:00:00+00:00,318.2900000000003,319.1300000000003,317.8200000000003,318.7300000000003,4672
2026-04-09T14:15:00+00:00,318.7300000000003,318.7800000000003,317.2900000000003,317.4700000000003,3917
2026-04-09T14:30:00+00:00,317.4700000000003,318.0600000000003,316.8800000000003,317.83000000000027,3561
2026-04-09T14:45:00+00:00,317.83000000000027,319.0100000000003,317.7800000000003,319.0000000000003,3097
2026-04-09T15:00:00+00:00,319.0000000000003,320.09000000000026,318.9700000000003,320.0500000000003,2962
2026-04-09T15:15:00+00:00,320.0500000000003,321.0100000000003,320.0400000000003,320.64000000000027,3033
2026-04-09T15:30:00+00:00,320.64000000000027,321.8200000000003,320.4400000000003,321.58000000000027,4649
2026-04-09T15:45:00+00:00,321.58000000000027,322.89000000000027,321.4500000000003,322.77000000000027,3461
2026-04-09T16:00:00+00:00,322.77000000000027,323.90000000000026,322.6000000000003,323.4700000000003,3539
2026-04-09T16:15:00+00:00,323.4700000000003,324.2500000000003,323.33000000000027,323.8100000000003,2423
2026-04-09T16:30:00+00:00,323.8100000000003,324.1100000000003,323.6800000000003,323.83000000000027,2447
2026-04-09T16:45:00+00:00,323.83000000000027,323.90000000000026,323.2200000000003,323.8000000000003,2017
2026-04-09T17:00:00+00:00,323.8000000000003,324.3500000000003,323.5100000000003,324.1000000000003,1771
2026-04-09T17:15:00+00:00,324.1000000000003,324.8500000000003,324.0400000000003,324.3100000000003,1910
2026-04-09T17:30:00+00:00,324.3100000000003,324.64000000000027,323.65000000000026,324.3800000000003,2173
2026-04-09T17:45:00+00:00,324.3800000000003,324.77000000000027,324.1800000000003,324.2900000000003,1664
2026-04-09T18:00:00+00:00,324.2900000000003,324.4200000000003,323.5400000000003,323.7600000000003,3181
2026-04-09T18:15:00+00:00,323.7600000000003,324.02000000000027,323.4900000000003,323.6000000000003,2423
2026-04-09T18:30:00+00:00,323.6000000000003,324.0600000000003,323.5000000000003,323.7300000000003,2087
2026-04-09T18:45:00+00:00,323.7300000000003,323.96000000000026,323.5600000000003,323.7500000000003,1749
2026-04-09T19:00:00+00:00,323.7500000000003,324.3600000000003,323.6200000000003,324.2400000000003,1268
2026-04-09T19:15:00+00:00,324.2400000000003,324.2900000000003,323.7500000000003,323.7800000000003,1219
2026-04-09T19:30:00+00:00,323.7800000000003,324.39000000000027,323.7600000000003,324.2000000000003,1240
2026-04-09T19:45:00+00:00,324.2000000000003,324.4800000000003,323.5600000000003,323.9200000000003,2521
2026-04-10T13:30:00+00:00,323.9200000000003,326.8700000000003,323.9200000000003,325.1000000000003,4901
2026-04-10T13:45:00+00:00,325.1000000000003,325.9700000000003,324.5500000000003,324.7200000000003,4828
2026-04-10T14:00:00+00:00,324.7200000000003,325.0600000000003,324.40000000000026,324.7000000000003,3959
2026-04-10T14:15:00+00:00,324.7000000000003,325.08000000000027,324.0100000000003,324.65000000000026,3397
2026-04-10T14:30:00+00:00,324.65000000000026,324.8000000000003,323.6600000000003,323.7500000000003,3559
2026-04-10T14:45:00+00:00,323.7500000000003,324.6900000000003,323.6000000000003,324.45000000000033,3193.0314817223884
2026-04-10T15:00:00+00:00,324.45000000000033,325.01000000000033,324.1600000000003,324.5800000000003,3052
2026-04-10T15:15:00+00:00,324.5800000000003,324.70000000000033,323.69000000000034,323.75000000000034,3136
2026-04-10T15:30:00+00:00,323.75000000000034,323.99000000000035,323.30000000000035,323.80000000000035,3768
2026-04-10T15:45:00+00:00,323.80000000000035,323.9000000000003,322.70000000000033,322.8400000000003,3265
2026-04-10T16:00:00+00:00,322.8400000000003,323.45000000000033,322.74000000000035,323.2100000000003,3091
2026-04-10T16:15:00+00:00,323.2100000000003,323.3400000000003,322.98000000000036,323.05000000000035,2480
2026-04-10T16:30:00+00:00,323.05000000000035,323.20000000000033,322.3900000000003,322.51000000000033,2530
2026-04-10T16:45:00+00:00,322.51000000000033,322.93000000000035,322.3900000000003,322.7800000000003,2313
2026-04-10T17:00:00+00:00,322.7800000000003,322.81000000000034,322.19000000000034,322.5400000000003,2337
2026-04-10T17:15:00+00:00,322.5400000000003,322.69000000000034,322.19000000000034,322.30000000000035,2084
2026-04-10T17:30:00+00:00,322.30000000000035,322.7200000000003,322.1600000000003,322.4600000000003,2210
2026-04-10T17:45:00+00:00,322.4600000000003,322.55000000000035,322.19000000000034,322.43000000000035,1659
2026-04-10T18:00:00+00:00,322.43000000000035,322.4700000000003,321.92000000000036,322.26000000000033,1832
2026-04-10T18:15:00+00:00,322.26000000000033,322.7800000000003,322.25000000000034,322.4100000000003,1860
2026-04-10T18:30:00+00:00,322.4100000000003,322.7800000000003,322.3300000000003,322.61000000000035,1696
2026-04-10T18:45:00+00:00,322.61000000000035,322.73000000000036,322.3900000000003,322.4700000000003,1207
2026-04-10T19:00:00+00:00,322.4700000000003,323.0200000000003,322.45000000000033,322.8900000000003,1224
2026-04-10T19:15:00+00:00,322.8900000000003,323.0900000000003,322.73000000000036,322.98000000000036,1248
2026-04-10T19:30:00+00:00,322.98000000000036,323.2200000000003,322.75000000000034,323.07000000000033,1628
2026-04-10T19:45:00+00:00,323.07000000000033,323.4600000000003,322.7100000000003,323.30000000000035,2677
2026-04-13T13:30:00+00:00,323.30000000000035,323.30000000000035,321.07000000000033,322.2700000000003,3070
2026-04-13T13:45:00+00:00,322.2700000000003,324.18000000000035,321.5900000000003,324.0800000000003,3340
2026-04-13T14:00:00+00:00,324.0800000000003,325.51000000000033,323.8300000000003,324.36000000000035,2996
2026-04-13T14:15:00+00:00,324.36000000000035,324.4000000000003,323.12000000000035,323.49000000000035,2803
2026-04-13T14:30:00+00:00,323.49000000000035,324.20000000000033,323.42000000000036,324.19000000000034,2255
2026-04-13T14:45:00+00:00,324.19000000000034,324.2800000000003,323.5900000000003,324.12000000000035,2444
2026-04-13T15:00:00+00:00,324.12000000000035,324.57000000000033,323.75000000000034,324.24000000000035,2268
2026-04-13T15:15:00+00:00,324.24000000000035,324.51000000000033,323.9100000000003,324.3300000000003,2124
2026-04-13T15:30:00+00:00,324.3300000000003,325.0200000000003,324.24000000000035,324.36000000000035,2037
2026-04-13T15:45:00+00:00,324.36000000000035,324.57000000000033,324.06000000000034,324.1500000000003,1628
2026-04-13T16:00:00+00:00,324.1500000000003,324.3500000000003,323.42000000000036,323.43000000000035,2929
2026-04-13T16:15:00+00:00,323.43000000000035,324.7200000000003,323.42000000000036,324.57000000000033,3042
2026-04-13T16:30:00+00:00,324.57000000000033,325.0900000000003,324.25000000000034,324.86000000000035,2954
2026-04-13T16:45:00+00:00,324.86000000000035,325.49000000000035,324.67000000000036,325.11000000000035,2929
2026-04-13T17:00:00+00:00,325.11000000000035,325.32000000000033,324.49000000000035,324.80000000000035,1749
2026-04-13T17:15:00+00:00,324.80000000000035,325.11000000000035,324.69000000000034,325.0900000000003,1535
2026-04-13T17:30:00+00:00,325.0900000000003,325.2700000000003,324.82000000000033,324.8300000000003,1611
2026-04-13T17:45:00+00:00,324.8300000000003,325.00000000000034,324.6500000000003,324.6600000000003,1473
2026-04-13T18:00:00+00:00,324.6600000000003,325.0200000000003,324.61000000000035,324.6500000000003,1200
2026-04-13T18:15:00+00:00,324.6500000000003,324.81000000000034,324.5400000000003,324.75000000000034,1170
2026-04-13T18:30:00+00:00,324.75000000000034,325.11000000000035,324.7200000000003,325.0800000000003,1117
2026-04-13T18:45:00+00:00,325.0800000000003,325.70000000000033,325.06000000000034,325.5400000000003,1422
2026-04-13T19:00:00+00:00,325.5400000000003,325.70000000000033,325.4000000000003,325.5400000000003,1357
2026-04-13T19:15:00+00:00,325.5400000000003,325.99000000000035,325.51000000000033,325.7800000000003,1267
2026-04-13T19:30:00+00:00,325.7800000000003,326.05000000000035,325.4600000000003,326.0300000000003,1839
2026-04-13T19:45:00+00:00,326.0300000000003,326.82000000000033,325.9100000000003,326.44000000000034,3384
2026-04-14T13:30:00+00:00,326.44000000000034,330.9600000000003,326.44000000000034,330.5900000000003,5431
2026-04-14T13:45:00+00:00,330.5900000000003,332.36000000000035,330.4700000000003,331.43000000000035,3922
2026-04-14T14:00:00+00:00,331.43000000000035,332.9100000000003,331.2200000000003,332.5300000000003,3191
2026-04-14T14:15:00+00:00,332.5300000000003,333.1600000000003,332.07000000000033,333.13000000000034,2785
2026-04-14T14:30:00+00:00,333.13000000000034,333.3400000000003,332.62000000000035,332.82000000000033,2167
2026-04-14T14:45:00+00:00,332.82000000000033,333.94000000000034,332.61000000000035,333.49000000000035,2183
2026-04-14T15:00:00+00:00,333.49000000000035,334.31000000000034,332.9100000000003,334.2100000000003,2303
2026-04-14T15:15:00+00:00,334.2100000000003,336.17000000000036,334.12000000000035,335.7900000000003,2354
2026-04-14T15:30:00+00:00,335.7900000000003,337.50000000000034,335.67000000000036,337.2700000000003,2342
2026-04-14T15:45:00+00:00,337.2700000000003,337.6000000000003,336.4600000000003,336.92000000000036,2289
2026-04-14T16:00:00+00:00,336.92000000000036,337.68000000000035,336.81000000000034,337.43000000000035,1965
2026-04-14T16:15:00+00:00,337.43000000000035,337.7100000000003,337.1400000000003,337.5400000000003,1661
2026-04-14T16:30:00+00:00,337.5400000000003,337.5900000000003,336.8400000000003,337.0200000000003,1722
2026-04-14T16:45:00+00:00,337.0200000000003,337.6500000000003,336.81000000000034,337.55000000000035,1841
2026-04-14T17:00:00+00:00,337.55000000000035,337.75000000000034,337.0400000000003,337.43000000000035,1467
2026-04-14T17:15:00+00:00,337.43000000000035,337.93000000000035,337.25000000000034,337.5300000000003,1282
2026-04-14T17:30:00+00:00,337.5300000000003,337.76000000000033,337.43000000000035,337.57000000000033,1370
2026-04-14T17:45:00+00:00,337.57000000000033,337.73000000000036,337.0900000000003,337.3500000000003,1415
2026-04-14T18:00:00+00:00,337.3500000000003,337.5400000000003,337.0400000000003,337.0900000000003,1317
2026-04-14T18:15:00+00:00,337.0900000000003,337.19000000000034,336.4100000000003,336.45000000000033,1601
2026-04-14T18:30:00+00:00,336.45000000000033,336.7100000000003,336.32000000000033,336.5400000000003,1498
2026-04-14T18:45:00+00:00,336.5400000000003,336.73000000000036,336.3300000000003,336.44000000000034,1142
2026-04-14T19:00:00+00:00,336.44000000000034,337.0900000000003,336.44000000000034,336.73000000000036,998
2026-04-14T19:15:00+00:00,336.73000000000036,337.0200000000003,336.31000000000034,337.0200000000003,1209
2026-04-14T19:30:00+00:00,337.0200000000003,337.4600000000003,336.7800000000003,337.37000000000035,1749
2026-04-14T19:45:00+00:00,337.37000000000035,338.0300000000003,336.5300000000003,337.80000000000035,3665
2026-04-15T13:30:00+00:00,337.80000000000035,338.87000000000035,336.0300000000003,336.1500000000003,5221
2026-04-15T13:45:00+00:00,336.1500000000003,337.7100000000003,336.1500000000003,337.68000000000035,3570
2026-04-15T14:00:00+00:00,337.68000000000035,338.4600000000003,337.45000000000033,337.7100000000003,2939
2026-04-15T14:15:00+00:00,337.7100000000003,339.56000000000034,337.61000000000035,339.2700000000003,2840
2026-04-15T14:30:00+00:00,339.2700000000003,339.36000000000035,338.2200000000003,338.5400000000003,2380
2026-04-15T14:45:00+00:00,338.5400000000003,339.1600000000003,338.5400000000003,338.59000000000043,2219.2339528140237
2026-04-15T15:00:00+00:00,338.59000000000043,338.68000000000046,337.50000000000045,337.9700000000005,2547
2026-04-15T15:15:00+00:00,337.9700000000005,337.9800000000005,337.46000000000043,337.65000000000043,1999
2026-04-15T15:30:00+00:00,337.65000000000043,338.18000000000046,337.46000000000043,338.0300000000004,1985
2026-04-15T15:45:00+00:00,338.0300000000004,338.43000000000046,337.88000000000045,337.9700000000005,1751
2026-04-15T16:00:00+00:00,337.9700000000005,338.94000000000045,337.77000000000044,338.87000000000046,1595
2026-04-15T16:15:00+00:00,338.87000000000046,339.82000000000045,338.86000000000047,339.63000000000045,1751
2026-04-15T16:30:00+00:00,339.63000000000045,339.67000000000047,338.75000000000045,339.0300000000004,2380
2026-04-15T16:45:00+00:00,339.0300000000004,339.58000000000044,338.61000000000047,338.94000000000045,2382
2026-04-15T17:00:00+00:00,338.94000000000045,339.42000000000047,338.7200000000005,339.18000000000046,1268
2026-04-15T17:15:00+00:00,339.18000000000046,340.05000000000047,339.18000000000046,339.90000000000043,1563
2026-04-15T17:30:00+00:00,339.90000000000043,340.4800000000005,339.81000000000046,339.99000000000046,1814
2026-04-15T17:45:00+00:00,339.99000000000046,340.46000000000043,339.9700000000005,340.08000000000044,1579
2026-04-15T18:00:00+00:00,340.08000000000044,340.52000000000044,339.80000000000047,340.32000000000045,2665
2026-04-15T18:15:00+00:00,340.32000000000045,340.57000000000045,339.86000000000047,339.94000000000045,1527
2026-04-15T18:30:00+00:00,339.94000000000045,341.21000000000043,339.92000000000047,340.95000000000044,2318
2026-04-15T18:45:00+00:00,340.95000000000044,342.02000000000044,340.88000000000045,341.65000000000043,1604
2026-04-15T19:00:00+00:00,341.65000000000043,341.68000000000046,340.4700000000005,340.55000000000047,1822
2026-04-15T19:15:00+00:00,340.55000000000047,340.63000000000045,340.38000000000045,340.51000000000045,1554
2026-04-15T19:30:00+00:00,340.51000000000045,341.1000000000005,340.33000000000044,340.83000000000044,2307
2026-04-15T19:45:00+00:00,340.83000000000044,342.13000000000045,340.7300000000005,341.7300000000005,4085
2026-04-16T13:30:00+00:00,341.7300000000005,344.6000000000005,340.90000000000043,341.7800000000004,5032
2026-04-16T13:45:00+00:00,341.7800000000004,342.33000000000044,340.39000000000044,340.7900000000005,4480
2026-04-16T14:00:00+00:00,340.7900000000005,342.24000000000046,340.38000000000045,341.81000000000046,3561
2026-04-16T14:15:00+00:00,341.81000000000046,342.02000000000044,340.9800000000005,341.42000000000047,3172
2026-04-16T14:30:00+00:00,341.42000000000047,342.25000000000045,341.21000000000043,342.25000000000045,3128
2026-04-16T14:45:00+00:00,342.25000000000045,342.63000000000045,341.40000000000043,341.75000000000045,3011
2026-04-16T15:00:00+00:00,341.75000000000045,342.65000000000043,341.67000000000047,342.42000000000047,2265
2026-04-16T15:15:00+00:00,342.42000000000047,342.7800000000004,341.27000000000044,341.2800000000004,2270
2026-04-16T15:30:00+00:00,341.2800000000004,342.2300000000005,341.18000000000046,341.7200000000005,2682
2026-04-16T15:45:00+00:00,341.7200000000005,342.24000000000046,341.6000000000005,342.17000000000047,1897
2026-04-16T16:00:00+00:00,342.17000000000047,343.0300000000004,342.15000000000043,343.00000000000045,1537
2026-04-16T16:15:00+00:00,343.00000000000045,343.19000000000045,342.51000000000045,342.6000000000005,1764
2026-04-16T16:30:00+00:00,342.6000000000005,342.71000000000043,341.63000000000045,342.2800000000004,2786
2026-04-16T16:45:00+00:00,342.2800000000004,342.76000000000045,342.13000000000045,342.21000000000043,1928
2026-04-16T17:00:00+00:00,342.21000000000043,342.2300000000005,341.34000000000043,341.34000000000043,1892
2026-04-16T17:15:00+00:00,341.34000000000043,341.43000000000046,340.4800000000005,340.69000000000045,2017
2026-04-16T17:30:00+00:00,340.69000000000045,341.12000000000046,340.33000000000044,341.0300000000004,1567
2026-04-16T17:45:00+00:00,341.0300000000004,341.24000000000046,339.63000000000045,339.87000000000046,1901
2026-04-16T18:00:00+00:00,339.87000000000046,340.24000000000046,339.63000000000045,339.9100000000005,2879
2026-04-16T18:15:00+00:00,339.9100000000005,340.0400000000005,339.0300000000004,339.5400000000005,1719
2026-04-16T18:30:00+00:00,339.5400000000005,340.1600000000005,339.43000000000046,339.82000000000045,2164
2026-04-16T18:45:00+00:00,339.82000000000045,340.08000000000044,339.45000000000044,339.75000000000045,1612
2026-04-16T19:00:00+00:00,339.75000000000045,339.84000000000043,339.2300000000005,339.56000000000046,1666
2026-04-16T19:15:00+00:00,339.56000000000046,339.7200000000005,339.30000000000047,339.56000000000046,1206
2026-04-16T19:30:00+00:00,339.56000000000046,340.44000000000045,339.55000000000047,339.9100000000005,1721
2026-04-16T19:45:00+00:00,339.9100000000005,340.7200000000005,339.40000000000043,339.82000000000045,3129
2026-04-17T13:30:00+00:00,339.82000000000045,342.87000000000046,339.82000000000045,342.20000000000044,4323
2026-04-17T13:45:00+00:00,342.20000000000044,342.31000000000046,340.63000000000045,341.5400000000005,4754
2026-04-17T14:00:00+00:00,341.5400000000005,342.64000000000044,341.43000000000046,342.2900000000005,3361
2026-04-17T14:15:00+00:00,342.2900000000005,342.30000000000047,341.64000000000044,341.81000000000046,3047
2026-04-17T14:30:00+00:00,341.81000000000046,342.45000000000044,341.7900000000005,341.9800000000005,2659
2026-04-17T14:45:00+00:00,341.9800000000005,342.37000000000046,341.55000000000047,341.7300000000005,2543.1441523118765
2026-04-17T15:00:00+00:00,341.7300000000005,341.9800000000005,341.2900000000005,341.7200000000005,3117
2026-04-17T15:15:00+00:00,341.7200000000005,342.92000000000047,341.67000000000047,342.9000000000005,2308
2026-04-17T15:30:00+00:00,342.9000000000005,343.8900000000005,342.80000000000047,342.8200000000005,2643
2026-04-17T15:45:00+00:00,342.8200000000005,343.3200000000005,342.6200000000005,342.6400000000005,2561
2026-04-17T16:00:00+00:00,342.6400000000005,343.6200000000005,342.5300000000005,343.5200000000005,2648
2026-04-17T16:15:00+00:00,343.5200000000005,343.9700000000005,343.3100000000005,343.7300000000005,2245
2026-04-17T16:30:00+00:00,343.7300000000005,344.5000000000005,343.7300000000005,344.3900000000005,1831
2026-04-17T16:45:00+00:00,344.3900000000005,344.6400000000005,344.0300000000005,344.1500000000005,1422
2026-04-17T17:00:00+00:00,344.1500000000005,344.9500000000005,344.05000000000047,344.8700000000005,2134
2026-04-17T17:15:00+00:00,344.8700000000005,345.0800000000005,344.0000000000005,344.6800000000005,3243
2026-04-17T17:30:00+00:00,344.6800000000005,344.92000000000047,344.1200000000005,344.7500000000005,2870
2026-04-17T17:45:00+00:00,344.7500000000005,345.7200000000005,344.7200000000005,345.55000000000047,1965
2026-04-17T18:00:00+00:00,345.55000000000047,346.0000000000005,345.3500000000005,345.5400000000005,2740
2026-04-17T18:15:00+00:00,345.5400000000005,346.92000000000047,345.5400000000005,346.5900000000005,2595
2026-04-17T18:30:00+00:00,346.5900000000005,347.2200000000005,346.2600000000005,346.4400000000005,1747
2026-04-17T18:45:00+00:00,346.4400000000005,347.3200000000005,346.4300000000005,346.8200000000005,1773
2026-04-17T19:00:00+00:00,346.8200000000005,347.2800000000005,346.42000000000047,346.4600000000005,1672
2026-04-17T19:15:00+00:00,346.4600000000005,346.5600000000005,346.0800000000005,346.3100000000005,1823
2026-04-17T19:30:00+00:00,346.3100000000005,347.3200000000005,346.3100000000005,347.3200000000005,1923
2026-04-17T19:45:00+00:00,347.3200000000005,347.3800000000005,346.1200000000005,346.6000000000005,3253
2026-04-20T13:30:00+00:00,346.6000000000005,346.6000000000005,342.80000000000047,344.3200000000005,3519
2026-04-20T13:45:00+00:00,344.3200000000005,345.55000000000047,343.7100000000005,345.4800000000005,3752
2026-04-20T14:00:00+00:00,345.4800000000005,345.6500000000005,344.2800000000005,345.0700000000005,2875
2026-04-20T14:15:00+00:00,345.0700000000005,345.36000000000047,344.11000000000047,345.0600000000005,2378
2026-04-20T14:30:00+00:00,345.0600000000005,345.1200000000005,343.9400000000005,344.5000000000005,3817
2026-04-20T14:45:00+00:00,344.5000000000005,345.0700000000005,343.80000000000047,343.9400000000005,3789
2026-04-20T15:00:00+00:00,343.9400000000005,344.1500000000005,342.0100000000005,342.6200000000005,3355
2026-04-20T15:15:00+00:00,342.6200000000005,344.3900000000005,342.2400000000005,344.2400000000005,2836
2026-04-20T15:30:00+00:00,344.2400000000005,344.2600000000005,343.3300000000005,343.5900000000005,2306
2026-04-20T15:45:00+00:00,343.5900000000005,343.9800000000005,343.2000000000005,343.5400000000005,1677
2026-04-20T16:00:00+00:00,343.5400000000005,344.5000000000005,343.4400000000005,344.11000000000047,1485
2026-04-20T16:15:00+00:00,344.11000000000047,344.3800000000005,343.8200000000005,343.9500000000005,1718
2026-04-20T16:30:00+00:00,343.9500000000005,344.6200000000005,343.9500000000005,344.5400000000005,1474
2026-04-20T16:45:00+00:00,344.5400000000005,344.6300000000005,344.0900000000005,344.2100000000005,1314
2026-04-20T17:00:00+00:00,344.2100000000005,344.2400000000005,343.6600000000005,343.7900000000005,1329
2026-04-20T17:15:00+00:00,343.7900000000005,344.1000000000005,343.5300000000005,343.61000000000047,1417
2026-04-20T17:30:00+00:00,343.61000000000047,344.1000000000005,343.4300000000005,344.05000000000047,1626
2026-04-20T17:45:00+00:00,344.05000000000047,344.2000000000005,343.6000000000005,343.6300000000005,1059
2026-04-20T18:00:00+00:00,343.6300000000005,344.0000000000005,343.4000000000005,343.8300000000005,1644
2026-04-20T18:15:00+00:00,343.8300000000005,343.9300000000005,343.42000000000047,343.67000000000047,1237
2026-04-20T18:30:00+00:00,343.67000000000047,343.92000000000047,343.5100000000005,343.8700000000005,1187
2026-04-20T18:45:00+00:00,343.8700000000005,344.1200000000005,343.6500000000005,343.7100000000005,1107
2026-04-20T19:00:00+00:00,343.7100000000005,343.9800000000005,343.5000000000005,343.9400000000005,1212
2026-04-20T19:15:00+00:00,343.9400000000005,344.0000000000005,343.6300000000005,343.67000000000047,1041
2026-04-20T19:30:00+00:00,343.67000000000047,343.8100000000005,342.9800000000005,343.0000000000005,1752
2026-04-20T19:45:00+00:00,343.0000000000005,343.11000000000047,342.3500000000005,342.9800000000005,3002
2026-04-21T13:30:00+00:00,342.9800000000005,344.4900000000005,341.1200000000005,344.1200000000005,2957
2026-04-21T13:45:00+00:00,344.1200000000005,344.4700000000005,343.2900000000005,344.1000000000005,3386
2026-04-21T14:00:00+00:00,344.1000000000005,344.5800000000005,343.2500000000005,343.6600000000005,2163
2026-04-21T14:15:00+00:00,343.6600000000005,344.3300000000005,343.36000000000047,343.8700000000005,2019
2026-04-21T14:30:00+00:00,343.8700000000005,343.9800000000005,342.4300000000005,342.4300000000005,2115
2026-04-21T14:45:00+00:00,342.4300000000005,343.0400000000005,342.2300000000005,342.5200000000005,3522
2026-04-21T15:00:00+00:00,342.5200000000005,343.0200000000005,341.6800000000005,342.8900000000005,5125
2026-04-21T15:15:00+00:00,342.8900000000005,343.0200000000005,342.2600000000005,342.4800000000005,2645
2026-04-21T15:30:00+00:00,342.4800000000005,342.7100000000005,342.0200000000005,342.2500000000005,1922
2026-04-21T15:45:00+00:00,342.2500000000005,342.61000000000047,341.8900000000005,341.9300000000005,1701
2026-04-21T16:00:00+00:00,341.9300000000005,342.6000000000005,341.30000000000047,341.3800000000005,2300
2026-04-21T16:15:00+00:00,341.3800000000005,341.9100000000005,340.4400000000005,340.55000000000047,1733
2026-04-21T16:30:00+00:00,340.55000000000047,341.0800000000005,339.7500000000005,339.8500000000005,1745
2026-04-21T16:45:00+00:00,339.8500000000005,340.4100000000005,339.4100000000005,339.4500000000005,1811
2026-04-21T17:00:00+00:00,339.4500000000005,339.9100000000005,338.4500000000005,338.4600000000005,2916
2026-04-21T17:15:00+00:00,338.4600000000005,339.0200000000005,338.2000000000005,338.42000000000047,2144
2026-04-21T17:30:00+00:00,338.42000000000047,339.80000000000047,338.4000000000005,339.42000000000047,2429
2026-04-21T17:45:00+00:00,339.42000000000047,339.4500000000005,338.3500000000005,338.5400000000005,1920
2026-04-21T18:00:00+00:00,338.5400000000005,339.05000000000047,338.4100000000005,338.5400000000005,1803
2026-04-21T18:15:00+00:00,338.5400000000005,338.7600000000005,337.8900000000005,338.1400000000005,1978
2026-04-21T18:30:00+00:00,338.1400000000005,338.7800000000005,338.0200000000005,338.2700000000005,1408
2026-04-21T18:45:00+00:00,338.2700000000005,338.9900000000005,337.9100000000005,338.9000000000005,2012
2026-04-21T19:00:00+00:00,338.9000000000005,339.3900000000005,338.8100000000005,338.9000000000005,1506
2026-04-21T19:15:00+00:00,338.9000000000005,339.7900000000005,338.7900000000005,339.7500000000005,1559
2026-04-21T19:30:00+00:00,339.7500000000005,339.92000000000047,337.2800000000005,337.5000000000005,2288
2026-04-21T19:45:00+00:00,337.5000000000005,338.1500000000005,337.0600000000005,337.9100000000005,3464
2026-04-22T13:30:00+00:00,337.9100000000005,342.1200000000005,337.9100000000005,341.3300000000005,2876
2026-04-22T13:45:00+00:00,341.3300000000005,343.0800000000005,340.7000000000005,342.7000000000005,2582
2026-04-22T14:00:00+00:00,342.7000000000005,343.8800000000005,342.2000000000005,342.5400000000005,2905
2026-04-22T14:15:00+00:00,342.5400000000005,343.4500000000005,342.5300000000005,343.3100000000005,2546
2026-04-22T14:30:00+00:00,343.3100000000005,344.0400000000005,342.6800000000005,342.8700000000005,4136
2026-04-22T14:45:00+00:00,342.8700000000005,343.30000000000047,342.4500000000005,343.1100000000005,2947.5264150943394
2026-04-22T15:00:00+00:00,343.1100000000005,343.33000000000055,342.76000000000056,342.9900000000005,2491
2026-04-22T15:15:00+00:00,342.9900000000005,343.10000000000053,342.6800000000005,342.77000000000055,1854
2026-04-22T15:30:00+00:00,342.77000000000055,343.09000000000054,342.47000000000054,342.4900000000005,2589
2026-04-22T15:45:00+00:00,342.4900000000005,343.02000000000055,342.3600000000005,342.8200000000005,2721
2026-04-22T16:00:00+00:00,342.8200000000005,343.76000000000056,342.48000000000053,343.5000000000005,1993
2026-04-22T16:15:00+00:00,343.5000000000005,343.83000000000055,342.23000000000053,342.3000000000005,1734
2026-04-22T16:30:00+00:00,342.3000000000005,342.6200000000005,341.85000000000053,342.1800000000005,3468
2026-04-22T16:45:00+00:00,342.1800000000005,342.5000000000005,342.09000000000054,342.21000000000055,2472
2026-04-22T17:00:00+00:00,342.21000000000055,343.01000000000056,342.21000000000055,342.59000000000054,3553
2026-04-22T17:15:00+00:00,342.59000000000054,343.02000000000055,342.4200000000005,342.4900000000005,1891
2026-04-22T17:30:00+00:00,342.4900000000005,343.40000000000055,342.4300000000005,343.04000000000053,1586
2026-04-22T17:45:00+00:00,343.04000000000053,343.39000000000055,342.72000000000054,343.2500000000005,1538
2026-04-22T18:00:00+00:00,343.2500000000005,344.1100000000005,343.15000000000055,344.0500000000005,1608
2026-04-22T18:15:00+00:00,344.0500000000005,344.0700000000005,343.64000000000055,343.6700000000005,1815
2026-04-22T18:30:00+00:00,343.6700000000005,344.0600000000005,343.5700000000005,343.9200000000005,1581
2026-04-22T18:45:00+00:00,343.9200000000005,344.0700000000005,343.5000000000005,343.60000000000053,1692
2026-04-22T19:00:00+00:00,343.60000000000053,344.1800000000005,343.52000000000055,344.1200000000005,1858
2026-04-22T19:15:00+00:00,344.1200000000005,344.83000000000055,344.0000000000005,344.7500000000005,1049
2026-04-22T19:30:00+00:00,344.7500000000005,345.14000000000055,344.46000000000055,344.8200000000005,1177
2026-04-22T19:45:00+00:00,344.8200000000005,345.4400000000005,344.6700000000005,345.1900000000005,2695
2026-04-23T13:30:00+00:00,345.1900000000005,347.3200000000005,344.3800000000005,345.9200000000005,2767
2026-04-23T13:45:00+00:00,345.9200000000005,346.48000000000053,345.21000000000055,345.97000000000054,3439
2026-04-23T14:00:00+00:00,345.97000000000054,346.0500000000005,344.73000000000053,345.64000000000055,4168
2026-04-23T14:15:00+00:00,345.64000000000055,346.1300000000005,344.52000000000055,345.2500000000005,2875
2026-04-23T14:30:00+00:00,345.2500000000005,345.9900000000005,345.1700000000005,345.46000000000055,2229
2026-04-23T14:45:00+00:00,345.46000000000055,346.3100000000005,345.45000000000056,346.01000000000056,1940
2026-04-23T15:00:00+00:00,346.01000000000056,346.9400000000005,346.01000000000056,346.5600000000005,2309
2026-04-23T15:15:00+00:00,346.5600000000005,347.58000000000055,346.52000000000055,346.5600000000005,1909
2026-04-23T15:30:00+00:00,346.5600000000005,346.7400000000005,345.54000000000053,345.65000000000055,1839
2026-04-23T15:45:00+00:00,345.65000000000055,345.91000000000054,345.21000000000055,345.6800000000005,2031
2026-04-23T16:00:00+00:00,345.6800000000005,346.35000000000053,345.54000000000053,346.3100000000005,1563
2026-04-23T16:15:00+00:00,346.3100000000005,346.54000000000053,345.7400000000005,346.39000000000055,1203
2026-04-23T16:30:00+00:00,346.39000000000055,346.5500000000005,345.8600000000005,345.90000000000055,1135
2026-04-23T16:45:00+00:00,345.90000000000055,346.39000000000055,345.8700000000005,346.1100000000005,1109
2026-04-23T17:00:00+00:00,346.1100000000005,346.40000000000055,344.77000000000055,345.1100000000005,3281
2026-04-23T17:15:00+00:00,345.1100000000005,345.14000000000055,343.8600000000005,343.8700000000005,3922
2026-04-23T17:30:00+00:00,343.8700000000005,345.01000000000056,343.23000000000053,343.46000000000055,4181
2026-04-23T17:45:00+00:00,343.46000000000055,345.6900000000005,342.47000000000054,345.4400000000005,4194
2026-04-23T18:00:00+00:00,345.4400000000005,346.70000000000056,345.20000000000056,346.3200000000005,2380
2026-04-23T18:15:00+00:00,346.3200000000005,346.8000000000005,346.14000000000055,346.71000000000055,2185
2026-04-23T18:30:00+00:00,346.71000000000055,347.0700000000005,346.3200000000005,346.59000000000054,1798
2026-04-23T18:45:00+00:00,346.59000000000054,346.6800000000005,345.46000000000055,345.54000000000053,1611
2026-04-23T19:00:00+00:00,345.54000000000053,345.70000000000056,345.0700000000005,345.4300000000005,2048
2026-04-23T19:15:00+00:00,345.4300000000005,345.79000000000053,345.3200000000005,345.58000000000055,1340
2026-04-23T19:30:00+00:00,345.58000000000055,346.08000000000055,345.16000000000054,345.35000000000053,1957
2026-04-23T19:45:00+00:00,345.35000000000053,345.66000000000054,344.4300000000005,345.3700000000005,2910
2026-04-24T13:30:00+00:00,345.3700000000005,345.3700000000005,341.4400000000005,343.9900000000005,3065
2026-04-24T13:45:00+00:00,343.9900000000005,345.39000000000055,343.3000000000005,344.4900000000005,3298
2026-04-24T14:00:00+00:00,344.4900000000005,345.34000000000054,344.10000000000053,344.90000000000055,3809
2026-04-24T14:15:00+00:00,344.90000000000055,345.23000000000053,343.98000000000053,344.03000000000054,3040
2026-04-24T14:30:00+00:00,344.03000000000054,344.3700000000005,342.9400000000005,343.1300000000005,3067
2026-04-24T14:45:00+00:00,343.1300000000005,343.84000000000054,342.90000000000055,343.3600000000006,2621.2476552598227
2026-04-24T15:00:00+00:00,343.3600000000006,343.52000000000055,342.6200000000006,343.45000000000056,2345
2026-04-24T15:15:00+00:00,343.45000000000056,346.57000000000056,343.2900000000006,346.07000000000056,2671
2026-04-24T15:30:00+00:00,346.07000000000056,347.03000000000054,345.6200000000006,346.8000000000006,2479
2026-04-24T15:45:00+00:00,346.8000000000006,349.70000000000056,346.34000000000054,348.90000000000055,4317
2026-04-24T16:00:00+00:00,348.90000000000055,351.06000000000057,348.4900000000006,348.51000000000056,2915
2026-04-24T16:15:00+00:00,348.51000000000056,349.3500000000006,348.0400000000006,349.0500000000006,1491
2026-04-24T16:30:00+00:00,349.0500000000006,349.7900000000006,348.75000000000057,349.19000000000057,1228
2026-04-24T16:45:00+00:00,349.19000000000057,349.4200000000006,348.56000000000057,349.19000000000057,1659
2026-04-24T17:00:00+00:00,349.19000000000057,349.7900000000006,348.9900000000006,349.1200000000006,1649
2026-04-24T17:15:00+00:00,349.1200000000006,349.1200000000006,348.4200000000006,348.4800000000006,1453
2026-04-24T17:30:00+00:00,348.4800000000006,348.81000000000057,348.01000000000056,348.27000000000055,1561
2026-04-24T17:45:00+00:00,348.27000000000055,349.15000000000055,348.19000000000057,348.84000000000054,1511
2026-04-24T18:00:00+00:00,348.84000000000054,349.69000000000057,348.76000000000056,349.32000000000056,1406
2026-04-24T18:15:00+00:00,349.32000000000056,349.44000000000057,348.8000000000006,348.9900000000006,1336
2026-04-24T18:30:00+00:00,348.9900000000006,349.59000000000054,348.89000000000055,349.53000000000054,1365
2026-04-24T18:45:00+00:00,349.53000000000054,349.53000000000054,349.00000000000057,349.2400000000006,1434
2026-04-24T19:00:00+00:00,349.2400000000006,349.84000000000054,349.1600000000006,349.57000000000056,1509
2026-04-24T19:15:00+00:00,349.57000000000056,349.84000000000054,349.38000000000056,349.6100000000006,1787
2026-04-24T19:30:00+00:00,349.6100000000006,350.1200000000006,349.44000000000057,349.82000000000056,1757
2026-04-24T19:45:00+00:00,349.82000000000056,350.3000000000006,349.3600000000006,349.57000000000056,2911
2026-04-27T13:30:00+00:00,349.57000000000056,352.6800000000006,348.1700000000006,351.3700000000006,3265
2026-04-27T13:45:00+00:00,351.3700000000006,354.2400000000006,350.1100000000006,353.9300000000006,4192
2026-04-27T14:00:00+00:00,353.9300000000006,355.8700000000006,353.8000000000006,354.07000000000056,3482
2026-04-27T14:15:00+00:00,354.07000000000056,356.07000000000056,353.4300000000006,355.90000000000055,3284
2026-04-27T14:30:00+00:00,355.90000000000055,356.9100000000006,354.9900000000006,356.2200000000006,2831
2026-04-27T14:45:00+00:00,356.2200000000006,356.71000000000055,355.52000000000055,356.3000000000006,2105
2026-04-27T15:00:00+00:00,356.3000000000006,356.4900000000006,355.1800000000006,356.2300000000006,2374
2026-04-27T15:15:00+00:00,356.2300000000006,356.81000000000057,355.34000000000054,355.6000000000006,2178
2026-04-27T15:30:00+00:00,355.6000000000006,356.39000000000055,355.6000000000006,355.8000000000006,1873
2026-04-27T15:45:00+00:00,355.8000000000006,356.8000000000006,355.27000000000055,356.7400000000006,1921
2026-04-27T16:00:00+00:00,356.7400000000006,357.02000000000055,356.2400000000006,356.7300000000006,1864
2026-04-27T16:15:00+00:00,356.7300000000006,356.9200000000006,356.26000000000056,356.77000000000055,1210
2026-04-27T16:30:00+00:00,356.77000000000055,357.2900000000006,356.76000000000056,357.26000000000056,1353
2026-04-27T16:45:00+00:00,357.26000000000056,357.5500000000006,356.58000000000055,356.7300000000006,1534
2026-04-27T17:00:00+00:00,356.7300000000006,357.39000000000055,356.6200000000006,357.2900000000006,1471
2026-04-27T17:15:00+00:00,357.2900000000006,357.4200000000006,356.89000000000055,357.32000000000056,1686
2026-04-27T17:30:00+00:00,357.32000000000056,358.1100000000006,357.28000000000054,358.0400000000006,1335
2026-04-27T17:45:00+00:00,358.0400000000006,358.26000000000056,357.7900000000006,358.19000000000057,1253
2026-04-27T18:00:00+00:00,358.19000000000057,358.2400000000006,357.75000000000057,357.94000000000057,1057
2026-04-27T18:15:00+00:00,357.94000000000057,358.1000000000006,357.4100000000006,357.70000000000056,1096
2026-04-27T18:30:00+00:00,357.70000000000056,357.89000000000055,357.2900000000006,357.6100000000006,1352
2026-04-27T18:45:00+00:00,357.6100000000006,358.01000000000056,357.08000000000055,357.45000000000056,1364
2026-04-27T19:00:00+00:00,357.45000000000056,357.81000000000057,357.1800000000006,357.4300000000006,1053
2026-04-27T19:15:00+00:00,357.4300000000006,357.53000000000054,357.00000000000057,357.4700000000006,1175
2026-04-27T19:30:00+00:00,357.4700000000006,357.94000000000057,356.4900000000006,356.9200000000006,1445
2026-04-27T19:45:00+00:00,356.9200000000006,357.02000000000055,355.6700000000006,356.02000000000055,2699
2026-04-28T13:30:00+00:00,356.02000000000055,356.02000000000055,351.53000000000054,353.51000000000056,3802
2026-04-28T13:45:00+00:00,353.51000000000056,354.70000000000056,352.5400000000006,353.90000000000055,3948
2026-04-28T14:00:00+00:00,353.90000000000055,355.65000000000055,353.8700000000006,355.1600000000006,3283
2026-04-28T14:15:00+00:00,355.1600000000006,357.19000000000057,355.15000000000055,356.75000000000057,3322
2026-04-28T14:30:00+00:00,356.75000000000057,357.26000000000056,355.56000000000057,357.1000000000006,3344
2026-04-28T14:45:00+00:00,357.1000000000006,357.1000000000006,354.9900000000006,355.76000000000056,3531
2026-04-28T15:00:00+00:00,355.76000000000056,356.3500000000006,354.94000000000057,356.21000000000055,3142
2026-04-28T15:15:00+00:00,356.21000000000055,356.4700000000006,355.52000000000055,355.84000000000054,3829
2026-04-28T15:30:00+00:00,355.84000000000054,356.02000000000055,354.9100000000006,355.02000000000055,2762
2026-04-28T15:45:00+00:00,355.02000000000055,355.2300000000006,354.0400000000006,354.20000000000056,2340
2026-04-28T16:00:00+00:00,354.20000000000056,354.32000000000056,353.4100000000006,353.8000000000006,2052
2026-04-28T16:15:00+00:00,353.8000000000006,354.58000000000055,353.50000000000057,354.26000000000056,1704
2026-04-28T16:30:00+00:00,354.26000000000056,354.6000000000006,353.8000000000006,354.26000000000056,1660
2026-04-28T16:45:00+00:00,354.26000000000056,354.83000000000055,354.2200000000006,354.53000000000054,1726
2026-04-28T17:00:00+00:00,354.53000000000054,354.63000000000056,353.38000000000056,353.8700000000006,1929
2026-04-28T17:15:00+00:00,353.8700000000006,354.2200000000006,353.38000000000056,353.9700000000006,1377
2026-04-28T17:30:00+00:00,353.9700000000006,354.40000000000055,353.88000000000056,354.01000000000056,1255
2026-04-28T17:45:00+00:00,354.01000000000056,354.50000000000057,353.88000000000056,354.1800000000006,1275
2026-04-28T18:00:00+00:00,354.1800000000006,354.8000000000006,354.1700000000006,354.6200000000006,1218
2026-04-28T18:15:00+00:00,354.6200000000006,355.13000000000056,354.6200000000006,355.00000000000057,1179
2026-04-28T18:30:00+00:00,355.00000000000057,355.00000000000057,354.4900000000006,354.59000000000054,1149
2026-04-28T18:45:00+00:00,354.59000000000054,355.00000000000057,354.56000000000057,354.9300000000006,951
2026-04-28T19:00:00+00:00,354.9300000000006,355.6100000000006,354.78000000000054,355.4100000000006,1224
2026-04-28T19:15:00+00:00,355.4100000000006,355.4100000000006,354.78000000000054,355.03000000000054,1284
2026-04-28T19:30:00+00:00,355.03000000000054,355.7200000000006,354.8700000000006,355.4300000000006,1418
2026-04-28T19:45:00+00:00,355.4300000000006,355.9800000000006,354.39000000000055,354.8600000000006,2349
2026-04-29T13:30:00+00:00,354.8600000000006,354.8600000000006,349.7300000000006,354.2200000000006,3652
2026-04-29T13:45:00+00:00,354.2200000000006,357.1200000000006,353.63000000000056,357.1200000000006,3720
2026-04-29T14:00:00+00:00,357.1200000000006,357.63000000000056,355.9100000000006,357.2200000000006,3089
2026-04-29T14:15:00+00:00,357.2200000000006,358.7900000000006,356.6000000000006,358.69000000000057,2866
2026-04-29T14:30:00+00:00,358.69000000000057,360.76000000000056,358.13000000000056,360.2200000000006,3646
2026-04-29T14:45:00+00:00,360.2200000000006,360.25000000000057,357.1800000000006,357.2100000000005,2983.151771336554
2026-04-29T15:00:00+00:00,357.2100000000005,358.3600000000005,356.7000000000005,356.7500000000005,2708
2026-04-29T15:15:00+00:00,356.7500000000005,357.2100000000005,356.4500000000005,356.8600000000005,2648
2026-04-29T15:30:00+00:00,356.8600000000005,357.8600000000005,356.8300000000005,356.8900000000005,3106
2026-04-29T15:45:00+00:00,356.8900000000005,357.3100000000005,355.7400000000005,356.3100000000005,4165
2026-04-29T16:00:00+00:00,356.3100000000005,356.3600000000005,355.2500000000005,355.60000000000053,2788
2026-04-29T16:15:00+00:00,355.60000000000053,355.7600000000005,354.3600000000005,354.6100000000005,2216
2026-04-29T16:30:00+00:00,354.6100000000005,354.6100000000005,353.0700000000005,353.8700000000005,2597
2026-04-29T16:45:00+00:00,353.8700000000005,354.0500000000005,353.2500000000005,353.4400000000005,2040
2026-04-29T17:00:00+00:00,353.4400000000005,354.0000000000005,352.9500000000005,353.8300000000005,2179
2026-04-29T17:15:00+00:00,353.8300000000005,354.8100000000005,353.6900000000005,354.6800000000005,2257
2026-04-29T17:30:00+00:00,354.6800000000005,354.91000000000054,354.5000000000005,354.8400000000005,2071
2026-04-29T17:45:00+00:00,354.8400000000005,354.97000000000054,354.4400000000005,354.8200000000005,2224
2026-04-29T18:00:00+00:00,354.8200000000005,354.8600000000005,353.79000000000053,354.7500000000005,3355
2026-04-29T18:15:00+00:00,354.7500000000005,355.5200000000005,354.5100000000005,354.6300000000005,2702
2026-04-29T18:30:00+00:00,354.6300000000005,355.5200000000005,354.1900000000005,354.6500000000005,4411
2026-04-29T18:45:00+00:00,354.6500000000005,356.6300000000005,354.4500000000005,356.53000000000054,2975
2026-04-29T19:00:00+00:00,356.53000000000054,356.8000000000005,355.9500000000005,356.4400000000005,2789
2026-04-29T19:15:00+00:00,356.4400000000005,356.9500000000005,356.2500000000005,356.41000000000054,2543
2026-04-29T19:30:00+00:00,356.41000000000054,356.5600000000005,355.5200000000005,355.6400000000005,2852
2026-04-29T19:45:00+00:00,355.6400000000005,356.04000000000053,353.8600000000005,355.5000000000005,4366
2026-04-30T13:30:00+00:00,355.5000000000005,381.5700000000005,355.5000000000005,373.8600000000005,7192
2026-04-30T13:45:00+00:00,373.8600000000005,377.1700000000005,372.7100000000005,374.5600000000005,5054
2026-04-30T14:00:00+00:00,374.5600000000005,376.1100000000005,373.4500000000005,374.9200000000005,4021
2026-04-30T14:15:00+00:00,374.9200000000005,375.60000000000053,372.47000000000054,373.4600000000005,3609
2026-04-30T14:30:00+00:00,373.4600000000005,373.8200000000005,370.5100000000005,372.6300000000005,3304
2026-04-30T14:45:00+00:00,372.6300000000005,377.3000000000005,372.2700000000005,376.66000000000054,2985
2026-04-30T15:00:00+00:00,376.66000000000054,382.23000000000053,376.6200000000005,382.10000000000053,3459
2026-04-30T15:15:00+00:00,382.10000000000053,382.5600000000005,379.7700000000005,380.0800000000005,3644
2026-04-30T15:30:00+00:00,380.0800000000005,381.2000000000005,378.1700000000005,378.3300000000005,2781
2026-04-30T15:45:00+00:00,378.3300000000005,379.72000000000054,377.4500000000005,378.7100000000005,2853
2026-04-30T16:00:00+00:00,378.7100000000005,380.8400000000005,377.9400000000005,380.8000000000005,2017
2026-04-30T16:15:00+00:00,380.8000000000005,382.2500000000005,379.9400000000005,380.6200000000005,1944
2026-04-30T16:30:00+00:00,380.6200000000005,381.9500000000005,380.6200000000005,380.9900000000005,1564
2026-04-30T16:45:00+00:00,380.9900000000005,382.4400000000005,380.91000000000054,382.0100000000005,1641
2026-04-30T17:00:00+00:00,382.0100000000005,387.6300000000005,381.9400000000005,387.6100000000005,2805
2026-04-30T17:15:00+00:00,387.6100000000005,388.2500000000005,386.4500000000005,388.0100000000005,2416
2026-04-30T17:30:00+00:00,388.0100000000005,388.41000000000054,386.9400000000005,387.04000000000053,1990
2026-04-30T17:45:00+00:00,387.04000000000053,388.5800000000005,386.97000000000054,388.5800000000005,1619
2026-04-30T18:00:00+00:00,388.5800000000005,389.73000000000053,387.66000000000054,388.97000000000054,2251
2026-04-30T18:15:00+00:00,388.97000000000054,389.10000000000053,387.98000000000053,388.5700000000005,1835
2026-04-30T18:30:00+00:00,388.5700000000005,388.9200000000005,386.2600000000005,386.7500000000005,1958
2026-04-30T18:45:00+00:00,386.7500000000005,386.78000000000054,385.4600000000005,385.9000000000005,1967
2026-04-30T19:00:00+00:00,385.9000000000005,387.6100000000005,385.3000000000005,387.1500000000005,2181
2026-04-30T19:15:00+00:00,387.1500000000005,387.28000000000054,385.4400000000005,385.7000000000005,2136
2026-04-30T19:30:00+00:00,385.7000000000005,387.23000000000053,385.0500000000005,387.1900000000005,2405
2026-04-30T19:45:00+00:00,387.1900000000005,390.0200000000005,385.35000000000053,389.0800000000005,4402
2026-05-01T13:30:00+00:00,389.0800000000005,389.0800000000005,382.5900000000005,385.2400000000005,4866
2026-05-01T13:45:00+00:00,385.2400000000005,388.3800000000005,383.3400000000005,388.3600000000005,4608
2026-05-01T14:00:00+00:00,388.3600000000005,389.3900000000005,386.4900000000005,387.5200000000005,4245
2026-05-01T14:15:00+00:00,387.5200000000005,390.0800000000005,387.2600000000005,388.8000000000005,4311
2026-05-01T14:30:00+00:00,388.8000000000005,388.97000000000054,385.4500000000005,387.1100000000005,4345
2026-05-01T14:45:00+00:00,387.1100000000005,389.29000000000053,387.04000000000053,388.53000000000054,3791.9168093118797
2026-05-01T15:00:00+00:00,388.53000000000054,388.53000000000054,387.13000000000056,388.1100000000006,2953
2026-05-01T15:15:00+00:00,388.1100000000006,389.53000000000054,387.46000000000055,389.4200000000006,2484
2026-05-01T15:30:00+00:00,389.4200000000006,390.66000000000054,388.96000000000055,389.2900000000006,2474
2026-05-01T15:45:00+00:00,389.2900000000006,389.4900000000006,387.57000000000056,387.76000000000056,2524
2026-05-01T16:00:00+00:00,387.76000000000056,388.4900000000006,387.28000000000054,388.38000000000056,1981
2026-05-01T16:15:00+00:00,388.38000000000056,389.1200000000006,387.6800000000006,388.31000000000057,2175
2026-05-01T16:30:00+00:00,388.31000000000057,389.2300000000006,387.6800000000006,387.96000000000055,1946
2026-05-01T16:45:00+00:00,387.96000000000055,389.4200000000006,387.38000000000056,388.72000000000054,1984
2026-05-01T17:00:00+00:00,388.72000000000054,389.4300000000006,388.6700000000006,389.3000000000006,1512
2026-05-01T17:15:00+00:00,389.3000000000006,390.41000000000054,389.27000000000055,390.06000000000057,1581
2026-05-01T17:30:00+00:00,390.06000000000057,390.1700000000006,388.9300000000006,389.38000000000056,1584
2026-05-01T17:45:00+00:00,389.38000000000056,389.53000000000054,388.90000000000055,389.25000000000057,1644
2026-05-01T18:00:00+00:00,389.25000000000057,389.6100000000006,388.46000000000055,388.5500000000006,1680
2026-05-01T18:15:00+00:00,388.5500000000006,389.2900000000006,388.20000000000056,389.01000000000056,1720
2026-05-01T18:30:00+00:00,389.01000000000056,389.10000000000053,387.45000000000056,388.2400000000006,2166
2026-05-01T18:45:00+00:00,388.2400000000006,388.26000000000056,386.46000000000055,387.72000000000054,1717
2026-05-01T19:00:00+00:00,387.72000000000054,389.4300000000006,387.6100000000006,389.10000000000053,2410
2026-05-01T19:15:00+00:00,389.10000000000053,390.19000000000057,388.9300000000006,390.10000000000053,1656
2026-05-01T19:30:00+00:00,390.10000000000053,390.5500000000006,389.40000000000055,389.94000000000057,1795
2026-05-01T19:45:00+00:00,389.94000000000057,390.88000000000056,389.58000000000055,390.57000000000056,3223
2026-05-04T13:30:00+00:00,390.57000000000056,391.4900000000006,386.25000000000057,387.0400000000006,3534
2026-05-04T13:45:00+00:00,387.0400000000006,387.27000000000055,384.88000000000056,386.84000000000054,3627
2026-05-04T14:00:00+00:00,386.84000000000054,387.69000000000057,386.13000000000056,386.83000000000055,3241
2026-05-04T14:15:00+00:00,386.83000000000055,388.01000000000056,386.13000000000056,386.27000000000055,2650
2026-05-04T14:30:00+00:00,386.27000000000055,387.60000000000053,385.96000000000055,387.56000000000057,2638
2026-05-04T14:45:00+00:00,387.56000000000057,387.7400000000006,386.64000000000055,386.6800000000006,2466
2026-05-04T15:00:00+00:00,386.6800000000006,387.28000000000054,385.13000000000056,385.46000000000055,3198
2026-05-04T15:15:00+00:00,385.46000000000055,386.1100000000006,384.20000000000056,385.9300000000006,3662
2026-05-04T15:30:00+00:00,385.9300000000006,386.53000000000054,385.16000000000054,386.51000000000056,2946
2026-05-04T15:45:00+00:00,386.51000000000056,388.2300000000006,386.14000000000055,387.6100000000006,2806
2026-05-04T16:00:00+00:00,387.6100000000006,387.64000000000055,385.66000000000054,386.46000000000055,3421
2026-05-04T16:15:00+00:00,386.46000000000055,387.72000000000054,385.6800000000006,387.1700000000006,2832
2026-05-04T16:30:00+00:00,387.1700000000006,388.02000000000055,386.47000000000054,387.6200000000006,2234
2026-05-04T16:45:00+00:00,387.6200000000006,388.06000000000057,386.82000000000056,387.91000000000054,1859
2026-05-04T17:00:00+00:00,387.91000000000054,388.38000000000056,387.78000000000054,388.03000000000054,1880
2026-05-04T17:15:00+00:00,388.03000000000054,388.75000000000057,387.95000000000056,388.3700000000006,2339
2026-05-04T17:30:00+00:00,388.3700000000006,388.4900000000006,387.6800000000006,388.2400000000006,1899
2026-05-04T17:45:00+00:00,388.2400000000006,389.2300000000006,388.1200000000006,388.96000000000055,1295
2026-05-04T18:00:00+00:00,388.96000000000055,389.07000000000056,388.34000000000054,388.57000000000056,1341
2026-05-04T18:15:00+00:00,388.57000000000056,388.77000000000055,387.8700000000006,388.34000000000054,1573
2026-05-04T18:30:00+00:00,388.34000000000054,388.41000000000054,387.46000000000055,387.70000000000056,1411
2026-05-04T18:45:00+00:00,387.70000000000056,387.9800000000006,387.0500000000006,387.26000000000056,1555
2026-05-04T19:00:00+00:00,387.26000000000056,387.5400000000006,386.47000000000054,387.27000000000055,1742
2026-05-04T19:15:00+00:00,387.27000000000055,387.4300000000006,386.81000000000057,387.20000000000056,1387
2026-05-04T19:30:00+00:00,387.20000000000056,387.6700000000006,386.88000000000056,387.03000000000054,1446
2026-05-04T19:45:00+00:00,387.03000000000054,387.7300000000006,386.46000000000055,387.06000000000057,2937
2026-05-05T13:30:00+00:00,387.06000000000057,395.89000000000055,387.06000000000057,395.69000000000057,3838
2026-05-05T13:45:00+00:00,395.69000000000057,396.26000000000056,391.5400000000006,391.63000000000056,3280
2026-05-05T14:00:00+00:00,391.63000000000056,392.6700000000006,390.59000000000054,390.65000000000055,3057
2026-05-05T14:15:00+00:00,390.65000000000055,392.1800000000006,390.0500000000006,391.91000000000054,3281
2026-05-05T14:30:00+00:00,391.91000000000054,393.09000000000054,391.50000000000057,391.59000000000054,3406
2026-05-05T14:45:00+00:00,391.59000000000054,392.14000000000055,391.0500000000006,391.7400000000006,2930
2026-05-05T15:00:00+00:00,391.7400000000006,392.39000000000055,391.15000000000055,392.20000000000056,2295
2026-05-05T15:15:00+00:00,392.20000000000056,392.7300000000006,391.83000000000055,392.41000000000054,1908
2026-05-05T15:30:00+00:00,392.41000000000054,393.00000000000057,391.95000000000056,392.9800000000006,2282
2026-05-05T15:45:00+00:00,392.9800000000006,393.3000000000006,390.9800000000006,390.9800000000006,1824
2026-05-05T16:00:00+00:00,390.9800000000006,391.8700000000006,390.88000000000056,391.6700000000006,1663
2026-05-05T16:15:00+00:00,391.6700000000006,392.1200000000006,390.8700000000006,390.9900000000006,2129
2026-05-05T16:30:00+00:00,390.9900000000006,391.46000000000055,390.59000000000054,390.84000000000054,1847
2026-05-05T16:45:00+00:00,390.84000000000054,391.10000000000053,389.7900000000006,389.89000000000055,1624
2026-05-05T17:00:00+00:00,389.89000000000055,390.10000000000053,389.13000000000056,389.3000000000006,1424
2026-05-05T17:15:00+00:00,389.3000000000006,389.50000000000057,387.78000000000054,388.33000000000055,2358
2026-05-05T17:30:00+00:00,388.33000000000055,389.4300000000006,388.10000000000053,389.1800000000006,1586
2026-05-05T17:45:00+00:00,389.1800000000006,390.02000000000055,388.77000000000055,389.58000000000055,1903
2026-05-05T18:00:00+00:00,389.58000000000055,390.08000000000055,389.38000000000056,390.03000000000054,1655
2026-05-05T18:15:00+00:00,390.03000000000054,390.27000000000055,389.45000000000056,389.57000000000056,1602
2026-05-05T18:30:00+00:00,389.57000000000056,389.8700000000006,389.09000000000054,389.66000000000054,1856
2026-05-05T18:45:00+00:00,389.66000000000054,389.9300000000006,389.26000000000056,389.72000000000054,1483
2026-05-05T19:00:00+00:00,389.72000000000054,390.2300000000006,389.59000000000054,390.02000000000055,1096
2026-05-05T19:15:00+00:00,390.02000000000055,390.90000000000055,389.97000000000054,390.8000000000006,1208
2026-05-05T19:30:00+00:00,390.8000000000006,391.31000000000057,390.76000000000056,391.1200000000006,1370
2026-05-05T19:45:00+00:00,391.1200000000006,391.88000000000056,390.46000000000055,391.76000000000056,3530
2026-05-06T13:30:00+00:00,391.76000000000056,399.70000000000056,391.76000000000056,398.9900000000006,5404
2026-05-06T13:45:00+00:00,398.9900000000006,400.7300000000006,397.40000000000055,397.58000000000055,4660
2026-05-06T14:00:00+00:00,397.58000000000055,399.9200000000006,396.64000000000055,399.44000000000057,4618
2026-05-06T14:15:00+00:00,399.44000000000057,400.34000000000054,397.25000000000057,397.3000000000006,3570
2026-05-06T14:30:00+00:00,397.3000000000006,400.10000000000053,396.66000000000054,399.89000000000055,3137
2026-05-06T14:45:00+00:00,399.89000000000055,401.56000000000057,399.7900000000006,401.5300000000006,2899.9549685534594
2026-05-06T15:00:00+00:00,401.5300000000006,401.9700000000006,399.2400000000006,399.39000000000055,2770
2026-05-06T15:15:00+00:00,399.39000000000055,400.2200000000006,398.9900000000006,399.81000000000057,2299
2026-05-06T15:30:00+00:00,399.81000000000057,400.89000000000055,399.3000000000006,400.8300000000006,2189
2026-05-06T15:45:00+00:00,400.8300000000006,401.5900000000006,400.6600000000006,401.2900000000006,1997
2026-05-06T16:00:00+00:00,401.2900000000006,403.6600000000006,401.0500000000006,403.56000000000057,2151
2026-05-06T16:15:00+00:00,403.56000000000057,403.8600000000006,402.63000000000056,403.44000000000057,2314
2026-05-06T16:30:00+00:00,403.44000000000057,403.7200000000006,402.4900000000006,402.63000000000056,1921
2026-05-06T16:45:00+00:00,402.63000000000056,402.75000000000057,402.0300000000006,402.3500000000006,1852
2026-05-06T17:00:00+00:00,402.3500000000006,403.56000000000057,401.9100000000006,402.95000000000056,1988
2026-05-06T17:15:00+00:00,402.95000000000056,403.6200000000006,401.8400000000006,402.0300000000006,1594
2026-05-06T17:30:00+00:00,402.0300000000006,402.1000000000006,401.50000000000057,401.5300000000006,1402
2026-05-06T17:45:00+00:00,401.5300000000006,402.3300000000006,401.14000000000055,401.5200000000006,1511
2026-05-06T18:00:00+00:00,401.5200000000006,401.76000000000056,400.50000000000057,400.8400000000006,1421
2026-05-06T18:15:00+00:00,400.8400000000006,401.0300000000006,399.7400000000006,399.81000000000057,1209
2026-05-06T18:30:00+00:00,399.81000000000057,400.5300000000006,399.56000000000057,400.1100000000006,1398
2026-05-06T18:45:00+00:00,400.1100000000006,401.3700000000006,400.0900000000006,401.1000000000006,1168
2026-05-06T19:00:00+00:00,401.1000000000006,401.7200000000006,400.06000000000057,400.4300000000006,1653
2026-05-06T19:15:00+00:00,400.4300000000006,400.4300000000006,399.1000000000006,399.7300000000006,1734
2026-05-06T19:30:00+00:00,399.7300000000006,400.9800000000006,399.5400000000006,400.88000000000056,1790
2026-05-06T19:45:00+00:00,400.88000000000056,403.20000000000056,400.69000000000057,402.76000000000056,4727
2026-05-07T13:30:00+00:00,402.76000000000056,404.57000000000056,401.13000000000056,401.8600000000006,2869
2026-05-07T13:45:00+00:00,401.8600000000006,402.5900000000006,400.3400000000006,401.9200000000006,2860
2026-05-07T14:00:00+00:00,401.9200000000006,402.2900000000006,401.0900000000006,401.2200000000006,3061
2026-05-07T14:15:00+00:00,401.2200000000006,402.19000000000057,400.3000000000006,401.7700000000006,2826
2026-05-07T14:30:00+00:00,401.7700000000006,401.7800000000006,400.20000000000056,400.6500000000006,2523
2026-05-07T14:45:00+00:00,400.6500000000006,401.64000000000055,400.64000000000055,401.50000000000057,2094
2026-05-07T15:00:00+00:00,401.50000000000057,401.94000000000057,400.3000000000006,400.75000000000057,2527
2026-05-07T15:15:00+00:00,400.75000000000057,401.4900000000006,400.6000000000006,401.3500000000006,2168
2026-05-07T15:30:00+00:00,401.3500000000006,401.6700000000006,400.20000000000056,400.6100000000006,2100
2026-05-07T15:45:00+00:00,400.6100000000006,401.1600000000006,399.8500000000006,399.95000000000056,2263
2026-05-07T16:00:00+00:00,399.95000000000056,400.07000000000056,398.81000000000057,399.3300000000006,2755
2026-05-07T16:15:00+00:00,399.3300000000006,399.5200000000006,397.7900000000006,399.4800000000006,3241
2026-05-07T16:30:00+00:00,399.4800000000006,400.1800000000006,399.2800000000006,399.6600000000006,2185
2026-05-07T16:45:00+00:00,399.6600000000006,399.9700000000006,399.0500000000006,399.8500000000006,1922
2026-05-07T17:00:00+00:00,399.8500000000006,400.1500000000006,399.2100000000006,399.76000000000056,1978
2026-05-07T17:15:00+00:00,399.76000000000056,401.4800000000006,399.3000000000006,400.6100000000006,3447
2026-05-07T17:30:00+00:00,400.6100000000006,401.75000000000057,399.9900000000006,401.31000000000057,2270
2026-05-07T17:45:00+00:00,401.31000000000057,401.5500000000006,400.4000000000006,401.4900000000006,2241
2026-05-07T18:00:00+00:00,401.4900000000006,401.6200000000006,400.7700000000006,401.45000000000056,2269
2026-05-07T18:15:00+00:00,401.45000000000056,402.3500000000006,401.0500000000006,401.4200000000006,1935
2026-05-07T18:30:00+00:00,401.4200000000006,402.1200000000006,401.00000000000057,401.3400000000006,1883
2026-05-07T18:45:00+00:00,401.3400000000006,402.2200000000006,401.0200000000006,401.6200000000006,2526
2026-05-07T19:00:00+00:00,401.6200000000006,401.6200000000006,399.19000000000057,400.76000000000056,2599
2026-05-07T19:15:00+00:00,400.76000000000056,400.9700000000006,400.19000000000057,400.75000000000057,1756
2026-05-07T19:30:00+00:00,400.75000000000057,401.9600000000006,400.7300000000006,401.56000000000057,1584
2026-05-07T19:45:00+00:00,401.56000000000057,403.0300000000006,399.9600000000006,402.75000000000057,3545
2026-05-08T13:30:00+00:00,402.75000000000057,403.8500000000006,401.1000000000006,403.44000000000057,3132
2026-05-08T13:45:00+00:00,403.44000000000057,405.1000000000006,403.1500000000006,403.8600000000006,3238
2026-05-08T14:00:00+00:00,403.8600000000006,405.4800000000006,403.7200000000006,404.6700000000006,3151
2026-05-08T14:15:00+00:00,404.6700000000006,404.89000000000055,403.31000000000057,403.82000000000056,2821
2026-05-08T14:30:00+00:00,403.82000000000056,404.7400000000006,403.00000000000057,404.6600000000006,2198
2026-05-08T14:45:00+00:00,404.6600000000006,405.0300000000006,403.7700000000006,403.9200000000005,1943.8458200382897
2026-05-08T15:00:00+00:00,403.9200000000005,403.97000000000054,402.6800000000005,402.8700000000005,2315
2026-05-08T15:15:00+00:00,402.8700000000005,403.6800000000005,402.72000000000054,403.48000000000053,2056
2026-05-08T15:30:00+00:00,403.48000000000053,403.6700000000005,402.5000000000005,403.53000000000054,2164
2026-05-08T15:45:00+00:00,403.53000000000054,403.54000000000053,402.6100000000005,402.98000000000053,1673
2026-05-08T16:00:00+00:00,402.98000000000053,403.6300000000005,402.5000000000005,403.4900000000005,1548
2026-05-08T16:15:00+00:00,403.4900000000005,403.6200000000005,402.7500000000005,402.76000000000056,1336
2026-05-08T16:30:00+00:00,402.76000000000056,403.07000000000056,401.78000000000054,401.8800000000005,1528
2026-05-08T16:45:00+00:00,401.8800000000005,402.4200000000005,401.4900000000005,401.5600000000005,1780
2026-05-08T17:00:00+00:00,401.5600000000005,402.09000000000054,401.2400000000005,401.77000000000055,1859
2026-05-08T17:15:00+00:00,401.77000000000055,402.2500000000005,401.66000000000054,401.95000000000056,1590
2026-05-08T17:30:00+00:00,401.95000000000056,402.4900000000005,401.78000000000054,402.02000000000055,1494
2026-05-08T17:45:00+00:00,402.02000000000055,402.9900000000005,401.9200000000005,402.7500000000005,1326
2026-05-08T18:00:00+00:00,402.7500000000005,403.35000000000053,402.73000000000053,403.1900000000005,1406
2026-05-08T18:15:00+00:00,403.1900000000005,403.5600000000005,403.10000000000053,403.4300000000005,1051
2026-05-08T18:30:00+00:00,403.4300000000005,403.7500000000005,403.0600000000005,403.3000000000005,1305
2026-05-08T18:45:00+00:00,403.3000000000005,403.5600000000005,402.6300000000005,403.2500000000005,1604
2026-05-08T19:00:00+00:00,403.2500000000005,403.51000000000056,402.98000000000053,403.40000000000055,1671
2026-05-08T19:15:00+00:00,403.40000000000055,403.6200000000005,403.1100000000005,403.34000000000054,1897
2026-05-08T19:30:00+00:00,403.34000000000054,404.65000000000055,403.26000000000056,404.58000000000055,2008
2026-05-08T19:45:00+00:00,404.58000000000055,405.7500000000005,403.91000000000054,404.57000000000056,3543
2026-05-11T13:30:00+00:00,404.57000000000056,404.57000000000056,396.21000000000055,400.9300000000005,3612
2026-05-11T13:45:00+00:00,400.9300000000005,401.1100000000005,399.48000000000053,400.34000000000054,3273
2026-05-11T14:00:00+00:00,400.34000000000054,400.57000000000056,398.6800000000005,398.78000000000054,2742
2026-05-11T14:15:00+00:00,398.78000000000054,399.32000000000056,397.29000000000053,397.3100000000005,2303
2026-05-11T14:30:00+00:00,397.3100000000005,398.3800000000005,396.5000000000005,398.14000000000055,3126
2026-05-11T14:45:00+00:00,398.14000000000055,399.22000000000054,397.9900000000005,398.1900000000005,2424
2026-05-11T15:00:00+00:00,398.1900000000005,398.54000000000053,397.76000000000056,397.8100000000005,2107
2026-05-11T15:15:00+00:00,397.8100000000005,398.0500000000005,397.34000000000054,397.8700000000005,2106
2026-05-11T15:30:00+00:00,397.8700000000005,398.6200000000005,397.6900000000005,397.96000000000055,2137
2026-05-11T15:45:00+00:00,397.96000000000055,399.1100000000005,397.71000000000055,398.8000000000005,1633
2026-05-11T16:00:00+00:00,398.8000000000005,398.97000000000054,397.9400000000005,398.35000000000053,1854
2026-05-11T16:15:00+00:00,398.35000000000053,398.4200000000005,397.95000000000056,398.35000000000053,1588
2026-05-11T16:30:00+00:00,398.35000000000053,398.82000000000056,397.85000000000053,398.29000000000053,2055
2026-05-11T16:45:00+00:00,398.29000000000053,398.39000000000055,397.66000000000054,397.71000000000055,1580
2026-05-11T17:00:00+00:00,397.71000000000055,398.04000000000053,397.08000000000055,397.08000000000055,1571
2026-05-11T17:15:00+00:00,397.08000000000055,397.3700000000005,396.52000000000055,397.3600000000005,1651
2026-05-11T17:30:00+00:00,397.3600000000005,398.03000000000054,397.1100000000005,397.8600000000005,1230
2026-05-11T17:45:00+00:00,397.8600000000005,398.09000000000054,396.6700000000005,397.07000000000056,1579
2026-05-11T18:00:00+00:00,397.07000000000056,397.4200000000005,396.89000000000055,397.21000000000055,1218
2026-05-11T18:15:00+00:00,397.21000000000055,397.27000000000055,396.59000000000054,396.66000000000054,1282
2026-05-11T18:30:00+00:00,396.66000000000054,396.66000000000054,395.4400000000005,395.8000000000005,1631
2026-05-11T18:45:00+00:00,395.8000000000005,395.96000000000055,394.8800000000005,394.8800000000005,1565
2026-05-11T19:00:00+00:00,394.8800000000005,395.4400000000005,394.6900000000005,395.15000000000055,2258
2026-05-11T19:15:00+00:00,395.15000000000055,395.23000000000053,394.3700000000005,395.1700000000005,2210
2026-05-11T19:30:00+00:00,395.1700000000005,395.5500000000005,394.4900000000005,394.54000000000053,2118
2026-05-11T19:45:00+00:00,394.54000000000053,394.71000000000055,393.7500000000005,394.1900000000005,4470
2026-05-12T13:30:00+00:00,394.1900000000005,394.1900000000005,390.28000000000054,392.85000000000053,4254
2026-05-12T13:45:00+00:00,392.85000000000053,393.14000000000055,391.0600000000005,391.47000000000054,4249
2026-05-12T14:00:00+00:00,391.47000000000054,391.52000000000055,389.54000000000053,391.0500000000005,4613
2026-05-12T14:15:00+00:00,391.0500000000005,392.3000000000005,390.8800000000005,391.26000000000056,3312
2026-05-12T14:30:00+00:00,391.26000000000056,392.35000000000053,390.8800000000005,391.1300000000005,3222
2026-05-12T14:45:00+00:00,391.1300000000005,392.01000000000056,390.78000000000054,392.01000000000056,2709
2026-05-12T15:00:00+00:00,392.01000000000056,392.82000000000056,391.3800000000005,392.39000000000055,3057
2026-05-12T15:15:00+00:00,392.39000000000055,392.8800000000005,391.4900000000005,392.5000000000005,3834
2026-05-12T15:30:00+00:00,392.5000000000005,392.8800000000005,391.73000000000053,392.7500000000005,2584
2026-05-12T15:45:00+00:00,392.7500000000005,393.20000000000056,391.23000000000053,391.2400000000005,2536
2026-05-12T16:00:00+00:00,391.2400000000005,392.1100000000005,390.3000000000005,391.1900000000005,2106
2026-05-12T16:15:00+00:00,391.1900000000005,391.22000000000054,390.02000000000055,390.58000000000055,1819
2026-05-12T16:30:00+00:00,390.58000000000055,390.66000000000054,388.5000000000005,388.78000000000054,2117
2026-05-12T16:45:00+00:00,388.78000000000054,389.0500000000005,387.98000000000053,388.02000000000055,2273
2026-05-12T17:00:00+00:00,388.02000000000055,388.2500000000005,387.1700000000005,387.57000000000056,2821
2026-05-12T17:15:00+00:00,387.57000000000056,389.3700000000005,387.33000000000055,388.60000000000053,2631
2026-05-12T17:30:00+00:00,388.60000000000053,389.32000000000056,388.29000000000053,389.04000000000053,1721
2026-05-12T17:45:00+00:00,389.04000000000053,389.16000000000054,388.6100000000005,388.97000000000054,1656
2026-05-12T18:00:00+00:00,388.97000000000054,389.59000000000054,388.8000000000005,389.32000000000056,1857
2026-05-12T18:15:00+00:00,389.32000000000056,390.4300000000005,388.89000000000055,390.07000000000056,1728
2026-05-12T18:30:00+00:00,390.07000000000056,390.20000000000056,389.1900000000005,389.26000000000056,1665
2026-05-12T18:45:00+00:00,389.26000000000056,389.32000000000056,388.59000000000054,389.1100000000005,1807
2026-05-12T19:00:00+00:00,389.1100000000005,389.70000000000056,388.6800000000005,389.52000000000055,1695
2026-05-12T19:15:00+00:00,389.52000000000055,390.57000000000056,389.3800000000005,390.47000000000054,1805
2026-05-12T19:30:00+00:00,390.47000000000054,391.52000000000055,390.09000000000054,391.41000000000054,2353
2026-05-12T19:45:00+00:00,391.41000000000054,391.84000000000054,390.4900000000005,391.5600000000005,3961
2026-05-13T13:30:00+00:00,391.5600000000005,392.90000000000055,388.6900000000005,392.51000000000056,3334
2026-05-13T13:45:00+00:00,392.51000000000056,395.22000000000054,391.20000000000056,394.98000000000053,3962
2026-05-13T14:00:00+00:00,394.98000000000053,396.5600000000005,394.95000000000056,396.4200000000005,4791
2026-05-13T14:15:00+00:00,396.4200000000005,399.07000000000056,396.01000000000056,398.46000000000055,4172
2026-05-13T14:30:00+00:00,398.46000000000055,398.73000000000053,397.1300000000005,398.21000000000055,3195
2026-05-13T14:45:00+00:00,398.21000000000055,400.5500000000005,397.65000000000055,400.23000000000053,2790.4561118741417
2026-05-13T15:00:00+00:00,400.23000000000053,401.4400000000005,400.1100000000005,400.6700000000005,2607
2026-05-13T15:15:00+00:00,400.6700000000005,401.5600000000005,400.2600000000005,401.3700000000005,2160
2026-05-13T15:30:00+00:00,401.3700000000005,402.0800000000005,400.7700000000005,401.5200000000005,2323
2026-05-13T15:45:00+00:00,401.5200000000005,402.0500000000005,400.9000000000005,401.3100000000005,2062
2026-05-13T16:00:00+00:00,401.3100000000005,402.6800000000005,401.28000000000054,402.6400000000005,1714
2026-05-13T16:15:00+00:00,402.6400000000005,403.98000000000053,402.22000000000054,403.60000000000053,1990
2026-05-13T16:30:00+00:00,403.60000000000053,403.98000000000053,403.0800000000005,403.6800000000005,2040
2026-05-13T16:45:00+00:00,403.6800000000005,404.47000000000054,403.5000000000005,404.4400000000005,1813
2026-05-13T17:00:00+00:00,404.4400000000005,405.6100000000005,404.3700000000005,405.22000000000054,1877
2026-05-13T17:15:00+00:00,405.22000000000054,405.6800000000005,404.4600000000005,405.0600000000005,1802
2026-05-13T17:30:00+00:00,405.0600000000005,405.47000000000054,404.73000000000053,405.2600000000005,1724
2026-05-13T17:45:00+00:00,405.2600000000005,405.8900000000005,405.0800000000005,405.3100000000005,1790
2026-05-13T18:00:00+00:00,405.3100000000005,406.6200000000005,405.2700000000005,406.5200000000005,1842
2026-05-13T18:15:00+00:00,406.5200000000005,407.28000000000054,406.0100000000005,407.1500000000005,1746
2026-05-13T18:30:00+00:00,407.1500000000005,407.4200000000005,405.9200000000005,406.0100000000005,1761
2026-05-13T18:45:00+00:00,406.0100000000005,406.2400000000005,405.16000000000054,405.2000000000005,1926
2026-05-13T19:00:00+00:00,405.2000000000005,406.5500000000005,405.1900000000005,406.4300000000005,1508
2026-05-13T19:15:00+00:00,406.4300000000005,406.7100000000005,405.8000000000005,406.6700000000005,1433
2026-05-13T19:30:00+00:00,406.6700000000005,407.03000000000054,406.1500000000005,406.6700000000005,1572
2026-05-13T19:45:00+00:00,406.6700000000005,407.0600000000005,405.5200000000005,406.8000000000005,3915
2026-05-14T13:30:00+00:00,406.8000000000005,406.8000000000005,400.5600000000005,403.4000000000005,4465
2026-05-14T13:45:00+00:00,403.4000000000005,404.9900000000005,401.7000000000005,402.1300000000005,3829
2026-05-14T14:00:00+00:00,402.1300000000005,402.8100000000005,401.29000000000053,402.0100000000005,3529
2026-05-14T14:15:00+00:00,402.0100000000005,402.84000000000054,400.2100000000005,400.4500000000005,3667
2026-05-14T14:30:00+00:00,400.4500000000005,401.7500000000005,400.2500000000005,401.29000000000053,3077
2026-05-14T14:45:00+00:00,401.29000000000053,402.3100000000005,400.9000000000005,401.85000000000053,3101
2026-05-14T15:00:00+00:00,401.85000000000053,402.41000000000054,401.5100000000005,401.8800000000005,2214
2026-05-14T15:15:00+00:00,401.8800000000005,402.9300000000005,401.6200000000005,402.3300000000005,1875
2026-05-14T15:30:00+00:00,402.3300000000005,403.9300000000005,402.2400000000005,403.7700000000005,2017
2026-05-14T15:45:00+00:00,403.7700000000005,405.8200000000005,403.5700000000005,405.7500000000005,2255
2026-05-14T16:00:00+00:00,405.7500000000005,406.3200000000005,404.5600000000005,404.5800000000005,2175
2026-05-14T16:15:00+00:00,404.5800000000005,405.1100000000005,403.6800000000005,403.79000000000053,1754
2026-05-14T16:30:00+00:00,403.79000000000053,403.8600000000005,403.0000000000005,403.4600000000005,1742
2026-05-14T16:45:00+00:00,403.4600000000005,404.6100000000005,402.8600000000005,404.2700000000005,2059
2026-05-14T17:00:00+00:00,404.2700000000005,405.0800000000005,403.03000000000054,403.0700000000005,2687
2026-05-14T17:15:00+00:00,403.0700000000005,404.97000000000054,402.85000000000053,404.85000000000053,3818
2026-05-14T17:30:00+00:00,404.85000000000053,406.23000000000053,404.4200000000005,406.1500000000005,3182
2026-05-14T17:45:00+00:00,406.1500000000005,406.59000000000054,405.8200000000005,405.9000000000005,2671
2026-05-14T18:00:00+00:00,405.9000000000005,405.9300000000005,404.0000000000005,404.3200000000005,2162
2026-05-14T18:15:00+00:00,404.3200000000005,404.8000000000005,403.1400000000005,403.5200000000005,1491
2026-05-14T18:30:00+00:00,403.5200000000005,404.0100000000005,403.3000000000005,403.60000000000053,1355
2026-05-14T18:45:00+00:00,403.60000000000053,404.29000000000053,403.3300000000005,404.04000000000053,1632
2026-05-14T19:00:00+00:00,404.04000000000053,404.54000000000053,404.0000000000005,404.1500000000005,2303
2026-05-14T19:15:00+00:00,404.1500000000005,404.8300000000005,404.1100000000005,404.53000000000054,2219
2026-05-14T19:30:00+00:00,404.53000000000054,404.8000000000005,404.10000000000053,404.4400000000005,2061
2026-05-14T19:45:00+00:00,404.4400000000005,404.9000000000005,403.5100000000005,404.9000000000005,3228
2026-05-15T13:30:00+00:00,404.9000000000005,404.9000000000005,397.1100000000005,399.3000000000005,3507
2026-05-15T13:45:00+00:00,399.3000000000005,403.1800000000005,398.4900000000005,401.5600000000005,6049
2026-05-15T14:00:00+00:00,401.5600000000005,403.0700000000005,400.9300000000005,402.6300000000005,5667
2026-05-15T14:15:00+00:00,402.6300000000005,403.29000000000053,401.6300000000005,402.0100000000005,3639
2026-05-15T14:30:00+00:00,402.0100000000005,402.6200000000005,401.3000000000005,401.4500000000005,3464
2026-05-15T14:45:00+00:00,401.4500000000005,402.16000000000054,400.3900000000005,401.9200000000005,3077.245325355273
2026-05-15T15:00:00+00:00,401.9200000000005,402.4400000000005,400.90000000000055,401.54000000000053,3124
2026-05-15T15:15:00+00:00,401.54000000000053,401.5700000000005,400.46000000000055,400.8700000000005,2990
2026-05-15T15:30:00+00:00,400.8700000000005,401.5000000000005,399.53000000000054,399.89000000000055,3356
2026-05-15T15:45:00+00:00,399.89000000000055,400.02000000000055,398.52000000000055,399.90000000000055,2806
2026-05-15T16:00:00+00:00,399.90000000000055,400.29000000000053,399.4200000000005,399.85000000000053,2056
2026-05-15T16:15:00+00:00,399.85000000000053,400.89000000000055,399.4300000000005,400.66000000000054,1943
2026-05-15T16:30:00+00:00,400.66000000000054,400.98000000000053,400.1700000000005,400.34000000000054,2303
2026-05-15T16:45:00+00:00,400.34000000000054,400.54000000000053,399.47000000000054,399.64000000000055,2410
2026-05-15T17:00:00+00:00,399.64000000000055,401.09000000000054,399.48000000000053,400.97000000000054,1713
2026-05-15T17:15:00+00:00,400.97000000000054,401.27000000000055,400.64000000000055,401.1100000000005,1818
2026-05-15T17:30:00+00:00,401.1100000000005,401.7400000000005,400.60000000000053,400.6100000000005,2725
2026-05-15T17:45:00+00:00,400.6100000000005,400.8200000000005,400.16000000000054,400.46000000000055,2151
2026-05-15T18:00:00+00:00,400.46000000000055,401.1300000000005,400.41000000000054,400.48000000000053,2674
2026-05-15T18:15:00+00:00,400.48000000000053,400.5600000000005,399.26000000000056,399.46000000000055,2154
2026-05-15T18:30:00+00:00,399.46000000000055,399.5500000000005,398.77000000000055,399.47000000000054,2024
2026-05-15T18:45:00+00:00,399.47000000000054,400.3000000000005,399.23000000000053,400.1900000000005,1611
2026-05-15T19:00:00+00:00,400.1900000000005,400.27000000000055,399.5000000000005,399.83000000000055,1409
2026-05-15T19:15:00+00:00,399.83000000000055,400.10000000000053,399.4200000000005,399.71000000000055,1509
2026-05-15T19:30:00+00:00,399.71000000000055,400.5500000000005,399.6700000000005,400.20000000000056,1371
2026-05-15T19:45:00+00:00,400.20000000000056,400.90000000000055,399.2500000000005,400.90000000000055,4077
2026-05-18T13:30:00+00:00,400.90000000000055,407.7400000000005,398.03000000000054,404.26000000000056,4074
2026-05-18T13:45:00+00:00,404.26000000000056,409.73000000000053,403.14000000000055,409.16000000000054,4003
2026-05-18T14:00:00+00:00,409.16000000000054,410.58000000000055,407.46000000000055,410.2400000000005,4682
2026-05-18T14:15:00+00:00,410.2400000000005,411.8200000000005,409.16000000000054,409.2500000000005,3648
2026-05-18T14:30:00+00:00,409.2500000000005,409.8800000000005,405.20000000000056,407.85000000000053,3262
2026-05-18T14:45:00+00:00,407.85000000000053,408.97000000000054,406.73000000000053,407.73000000000053,3241
2026-05-18T15:00:00+00:00,407.73000000000053,408.28000000000054,405.8700000000005,407.70000000000056,3152
2026-05-18T15:15:00+00:00,407.70000000000056,407.8200000000005,405.6200000000005,405.6300000000005,2598
2026-05-18T15:30:00+00:00,405.6300000000005,407.48000000000053,405.6100000000005,406.10000000000053,2153
2026-05-18T15:45:00+00:00,406.10000000000053,406.3000000000005,404.9300000000005,405.0600000000005,1917
2026-05-18T16:00:00+00:00,405.0600000000005,405.40000000000055,404.20000000000056,405.34000000000054,2081
2026-05-18T16:15:00+00:00,405.34000000000054,406.1800000000005,403.8600000000005,404.09000000000054,2457
2026-05-18T16:30:00+00:00,404.09000000000054,405.5700000000005,403.54000000000053,404.6300000000005,2253
2026-05-18T16:45:00+00:00,404.6300000000005,405.84000000000054,404.4900000000005,405.48000000000053,1762
2026-05-18T17:00:00+00:00,405.48000000000053,406.71000000000055,404.9300000000005,405.53000000000054,1837
2026-05-18T17:15:00+00:00,405.53000000000054,406.3200000000005,405.4200000000005,405.8000000000005,1802
2026-05-18T17:30:00+00:00,405.8000000000005,405.8700000000005,404.5500000000005,405.21000000000055,1483
2026-05-18T17:45:00+00:00,405.21000000000055,405.4900000000005,404.66000000000054,405.1800000000005,1710
2026-05-18T18:00:00+00:00,405.1800000000005,405.1800000000005,403.6700000000005,403.6700000000005,1880
2026-05-18T18:15:00+00:00,403.6700000000005,403.6900000000005,402.0500000000005,402.3700000000005,2731
2026-05-18T18:30:00+00:00,402.3700000000005,402.6200000000005,401.33000000000055,401.51000000000056,1990
2026-05-18T18:45:00+00:00,401.51000000000056,401.8000000000005,400.54000000000053,400.54000000000053,2194
2026-05-18T19:00:00+00:00,400.54000000000053,403.14000000000055,400.4200000000005,401.96000000000055,2925
2026-05-18T19:15:00+00:00,401.96000000000055,402.1300000000005,400.4200000000005,400.83000000000055,2138
2026-05-18T19:30:00+00:00,400.83000000000055,401.79000000000053,400.6300000000005,401.5700000000005,2088
2026-05-18T19:45:00+00:00,401.5700000000005,401.8000000000005,399.52000000000055,400.8100000000005,3525
2026-05-19T13:30:00+00:00,400.8100000000005,400.8100000000005,393.4200000000005,393.4300000000005,3996
2026-05-19T13:45:00+00:00,393.4300000000005,394.85000000000053,391.45000000000056,394.6200000000005,4126
2026-05-19T14:00:00+00:00,394.6200000000005,397.26000000000056,394.22000000000054,395.33000000000055,3792
2026-05-19T14:15:00+00:00,395.33000000000055,395.33000000000055,391.9300000000005,393.95000000000056,4043
2026-05-19T14:30:00+00:00,393.95000000000056,395.4400000000005,393.28000000000054,393.4400000000005,3423
2026-05-19T14:45:00+00:00,393.4400000000005,393.58000000000055,392.0600000000005,393.4200000000005,2709
2026-05-19T15:00:00+00:00,393.4200000000005,393.8800000000005,392.4200000000005,392.95000000000056,2585
2026-05-19T15:15:00+00:00,392.95000000000056,393.20000000000056,390.8200000000005,391.20000000000056,2502
2026-05-19T15:30:00+00:00,391.20000000000056,392.6800000000005,391.1300000000005,392.1300000000005,2445
2026-05-19T15:45:00+00:00,392.1300000000005,392.1300000000005,390.8200000000005,391.14000000000055,2226
2026-05-19T16:00:00+00:00,391.14000000000055,392.46000000000055,390.4200000000005,390.5000000000005,2200
2026-05-19T16:15:00+00:00,390.5000000000005,392.4900000000005,390.5000000000005,392.2400000000005,2179
2026-05-19T16:30:00+00:00,392.2400000000005,392.8200000000005,391.7500000000005,391.9400000000005,1783
2026-05-19T16:45:00+00:00,391.9400000000005,394.34000000000054,391.53000000000054,394.09000000000054,2146
2026-05-19T17:00:00+00:00,394.09000000000054,396.22000000000054,393.8200000000005,395.48000000000053,2521
2026-05-19T17:15:00+00:00,395.48000000000053,397.6700000000005,394.7400000000005,395.51000000000056,2588
2026-05-19T17:30:00+00:00,395.51000000000056,396.03000000000054,393.6800000000005,393.9900000000005,1954
2026-05-19T17:45:00+00:00,393.9900000000005,395.66000000000054,393.6700000000005,395.47000000000054,2318
2026-05-19T18:00:00+00:00,395.47000000000054,395.72000000000054,394.76000000000056,394.9200000000005,2641
2026-05-19T18:15:00+00:00,394.9200000000005,395.1800000000005,393.83000000000055,394.03000000000054,1764
2026-05-19T18:30:00+00:00,394.03000000000054,394.21000000000055,393.53000000000054,393.59000000000054,1842
2026-05-19T18:45:00+00:00,393.59000000000054,393.77000000000055,392.4300000000005,392.9400000000005,2124
2026-05-19T19:00:00+00:00,392.9400000000005,393.60000000000053,392.52000000000055,393.53000000000054,2263
2026-05-19T19:15:00+00:00,393.53000000000054,394.1700000000005,392.71000000000055,393.59000000000054,2357
2026-05-19T19:30:00+00:00,393.59000000000054,393.6800000000005,392.59000000000054,392.6300000000005,1585
2026-05-19T19:45:00+00:00,392.6300000000005,392.78000000000054,391.2500000000005,392.52000000000055,4406
2026-05-20T13:30:00+00:00,392.52000000000055,398.0000000000005,391.4300000000005,393.28000000000054,7611
2026-05-20T13:45:00+00:00,393.28000000000054,393.6800000000005,389.79000000000053,391.28000000000054,6719
2026-05-20T14:00:00+00:00,391.28000000000054,391.39000000000055,387.4200000000005,388.51000000000056,6256
2026-05-20T14:15:00+00:00,388.51000000000056,391.4200000000005,388.51000000000056,389.4400000000005,6712
2026-05-20T14:30:00+00:00,389.4400000000005,390.10000000000053,388.73000000000053,389.6300000000005,4779
2026-05-20T14:45:00+00:00,389.6300000000005,390.1800000000005,388.54000000000053,389.81000000000057,3405.4997084548104
2026-05-20T15:00:00+00:00,389.81000000000057,390.45000000000056,388.7400000000006,389.00000000000057,3443
2026-05-20T15:15:00+00:00,389.00000000000057,391.08000000000055,388.6000000000006,388.65000000000055,5621
2026-05-20T15:30:00+00:00,388.65000000000055,389.89000000000055,388.5500000000006,389.8500000000006,3171
2026-05-20T15:45:00+00:00,389.8500000000006,391.5500000000006,389.82000000000056,390.7200000000006,3171
2026-05-20T16:00:00+00:00,390.7200000000006,391.21000000000055,390.02000000000055,390.3000000000006,2604
2026-05-20T16:15:00+00:00,390.3000000000006,390.3700000000006,389.20000000000056,389.6700000000006,4089
2026-05-20T16:30:00+00:00,389.6700000000006,389.9100000000006,388.88000000000056,389.8400000000006,3196
2026-05-20T16:45:00+00:00,389.8400000000006,389.95000000000056,389.00000000000057,389.45000000000056,2521
2026-05-20T17:00:00+00:00,389.45000000000056,389.8500000000006,388.50000000000057,389.58000000000055,2464
2026-05-20T17:15:00+00:00,389.58000000000055,389.8500000000006,388.90000000000055,389.5900000000006,2198
2026-05-20T17:30:00+00:00,389.5900000000006,389.7400000000006,388.7300000000006,389.1000000000006,2085
2026-05-20T17:45:00+00:00,389.1000000000006,390.0900000000006,388.75000000000057,389.8400000000006,2310
2026-05-20T18:00:00+00:00,389.8400000000006,391.1700000000006,389.4100000000006,390.4200000000006,3018
2026-05-20T18:15:00+00:00,390.4200000000006,391.0900000000006,390.01000000000056,390.64000000000055,1907
2026-05-20T18:30:00+00:00,390.64000000000055,391.38000000000056,390.21000000000055,390.9700000000006,1790
2026-05-20T18:45:00+00:00,390.9700000000006,391.7300000000006,390.8500000000006,391.4300000000006,1565
2026-05-20T19:00:00+00:00,391.4300000000006,391.7200000000006,390.4300000000006,390.9700000000006,1676
2026-05-20T19:15:00+00:00,390.9700000000006,391.8600000000006,390.58000000000055,391.5300000000006,2204
2026-05-20T19:30:00+00:00,391.5300000000006,392.1800000000006,391.20000000000056,391.8500000000006,1948
2026-05-20T19:45:00+00:00,391.8500000000006,392.81000000000057,391.4200000000006,392.3400000000006,3905
2026-05-21T13:30:00+00:00,392.3400000000006,392.3400000000006,386.95000000000056,390.1600000000006,3741
2026-05-21T13:45:00+00:00,390.1600000000006,390.51000000000056,388.51000000000056,389.4200000000006,5392
2026-05-21T14:00:00+00:00,389.4200000000006,389.75000000000057,387.00000000000057,387.83000000000055,4331
2026-05-21T14:15:00+00:00,387.83000000000055,390.20000000000056,387.7800000000006,390.15000000000055,4454
2026-05-21T14:30:00+00:00,390.15000000000055,392.02000000000055,390.06000000000057,391.58000000000055,3569
2026-05-21T14:45:00+00:00,391.58000000000055,392.89000000000055,391.14000000000055,392.25000000000057,4020
2026-05-21T15:00:00+00:00,392.25000000000057,392.96000000000055,391.4100000000006,392.89000000000055,2775
2026-05-21T15:15:00+00:00,392.89000000000055,393.0500000000006,392.06000000000057,392.7900000000006,2438
2026-05-21T15:30:00+00:00,392.7900000000006,394.14000000000055,392.50000000000057,393.6600000000006,2562
2026-05-21T15:45:00+00:00,393.6600000000006,393.90000000000055,392.8400000000006,393.1000000000006,2260
2026-05-21T16:00:00+00:00,393.1000000000006,393.81000000000057,392.7300000000006,392.96000000000055,1898
2026-05-21T16:15:00+00:00,392.96000000000055,393.46000000000055,392.40000000000055,392.6000000000006,1770
2026-05-21T16:30:00+00:00,392.6000000000006,392.82000000000056,391.51000000000056,391.76000000000056,1719
2026-05-21T16:45:00+00:00,391.76000000000056,392.0500000000006,391.0500000000006,391.7200000000006,1648
2026-05-21T17:00:00+00:00,391.7200000000006,392.7800000000006,391.65000000000055,392.5900000000006,2136
2026-05-21T17:15:00+00:00,392.5900000000006,394.6000000000006,392.5400000000006,393.9300000000006,4116
2026-05-21T17:30:00+00:00,393.9300000000006,394.8400000000006,393.50000000000057,394.5500000000006,2731
2026-05-21T17:45:00+00:00,394.5500000000006,396.13000000000056,393.8500000000006,395.4700000000006,2358
2026-05-21T18:00:00+00:00,395.4700000000006,395.6100000000006,393.4200000000006,393.51000000000056,2826
2026-05-21T18:15:00+00:00,393.51000000000056,394.63000000000056,393.4800000000006,394.02000000000055,1484
2026-05-21T18:30:00+00:00,394.02000000000055,394.38000000000056,393.6200000000006,394.2800000000006,2135
2026-05-21T18:45:00+00:00,394.2800000000006,394.45000000000056,391.71000000000055,392.2400000000006,4199
2026-05-21T19:00:00+00:00,392.2400000000006,392.5300000000006,391.5300000000006,392.1200000000006,2322
2026-05-21T19:15:00+00:00,392.1200000000006,392.6100000000006,391.76000000000056,392.5300000000006,1423
2026-05-21T19:30:00+00:00,392.5300000000006,392.88000000000056,391.69000000000057,391.88000000000056,1379
2026-05-21T19:45:00+00:00,391.88000000000056,392.2900000000006,389.2400000000006,390.8500000000006,4081
2026-05-22T13:30:00+00:00,390.8500000000006,390.8500000000006,388.1000000000006,389.1600000000006,4219
2026-05-22T13:45:00+00:00,389.1600000000006,389.9100000000006,388.65000000000055,389.77000000000055,3082
2026-05-22T14:00:00+00:00,389.77000000000055,389.77000000000055,387.8000000000006,388.8500000000006,3019
2026-05-22T14:15:00+00:00,388.8500000000006,390.7400000000006,388.83000000000055,390.52000000000055,2810
2026-05-22T14:30:00+00:00,390.52000000000055,390.95000000000056,389.6600000000006,390.7200000000006,2637
2026-05-22T14:45:00+00:00,390.7200000000006,391.50000000000057,390.4100000000006,391.3700000000006,2042.2806971904265
2026-05-22T15:00:00+00:00,391.3700000000006,392.3500000000006,390.81000000000057,391.9600000000006,1845
2026-05-22T15:15:00+00:00,391.9600000000006,392.26000000000056,390.1600000000006,390.6600000000006,1754
2026-05-22T15:30:00+00:00,390.6600000000006,391.00000000000057,390.39000000000055,390.9800000000006,1360
2026-05-22T15:45:00+00:00,390.9800000000006,391.1200000000006,390.3400000000006,390.57000000000056,1542
2026-05-22T16:00:00+00:00,390.57000000000056,390.7400000000006,389.9900000000006,389.9900000000006,2286
2026-05-22T16:15:00+00:00,389.9900000000006,390.0500000000006,389.3700000000006,389.6200000000006,2282
2026-05-22T16:30:00+00:00,389.6200000000006,389.8500000000006,389.0300000000006,389.2200000000006,1985
2026-05-22T16:45:00+00:00,389.2200000000006,389.8700000000006,389.2100000000006,389.70000000000056,2022
2026-05-22T17:00:00+00:00,389.70000000000056,389.9800000000006,389.0800000000006,389.50000000000057,1686
2026-05-22T17:15:00+00:00,389.50000000000057,389.8000000000006,388.7100000000006,389.7400000000006,1736
2026-05-22T17:30:00+00:00,389.7400000000006,390.06000000000057,389.20000000000056,389.2700000000006,1461
2026-05-22T17:45:00+00:00,389.2700000000006,389.4200000000006,388.50000000000057,388.51000000000056,1261
2026-05-22T18:00:00+00:00,388.51000000000056,388.6700000000006,387.9000000000006,388.13000000000056,1164
2026-05-22T18:15:00+00:00,388.13000000000056,388.3600000000006,387.8500000000006,388.0300000000006,1042
2026-05-22T18:30:00+00:00,388.0300000000006,388.7900000000006,388.01000000000056,388.4900000000006,1276
2026-05-22T18:45:00+00:00,388.4900000000006,388.5900000000006,387.9300000000006,388.3000000000006,1130
2026-05-22T19:00:00+00:00,388.3000000000006,388.6800000000006,386.8400000000006,386.9200000000006,1422
2026-05-22T19:15:00+00:00,386.9200000000006,387.20000000000056,386.4300000000006,386.50000000000057,2212
2026-05-22T19:30:00+00:00,386.50000000000057,386.9700000000006,386.00000000000057,386.2400000000006,1224
2026-05-22T19:45:00+00:00,386.2400000000006,387.19000000000057,385.7400000000006,387.01000000000056,2548
2026-05-26T13:30:00+00:00,387.01000000000056,390.14000000000055,386.6000000000006,388.5900000000006,3833
2026-05-26T13:45:00+00:00,388.5900000000006,390.8500000000006,387.7900000000006,390.8500000000006,3118
2026-05-26T14:00:00+00:00,390.8500000000006,391.6600000000006,390.1600000000006,391.6500000000006,2767
2026-05-26T14:15:00+00:00,391.6500000000006,391.88000000000056,390.4300000000006,390.9200000000006,2608
2026-05-26T14:30:00+00:00,390.9200000000006,391.5300000000006,389.51000000000056,389.7900000000006,2754
2026-05-26T14:45:00+00:00,389.7900000000006,391.70000000000056,389.44000000000057,391.70000000000056,3046
2026-05-26T15:00:00+00:00,391.70000000000056,392.8600000000006,391.2900000000006,391.6600000000006,3895
2026-05-26T15:15:00+00:00,391.6600000000006,391.6600000000006,389.39000000000055,389.6100000000006,3380
2026-05-26T15:30:00+00:00,389.6100000000006,390.2700000000006,389.25000000000057,390.06000000000057,3520
2026-05-26T15:45:00+00:00,390.06000000000057,390.6600000000006,389.4900000000006,390.0500000000006,2749
2026-05-26T16:00:00+00:00,390.0500000000006,390.3600000000006,389.4000000000006,390.0500000000006,2092
2026-05-26T16:15:00+00:00,390.0500000000006,390.76000000000056,389.6700000000006,390.3000000000006,1688
2026-05-26T16:30:00+00:00,390.3000000000006,390.7800000000006,389.6000000000006,389.7300000000006,1409
2026-05-26T16:45:00+00:00,389.7300000000006,390.3400000000006,389.6100000000006,390.00000000000057,1643
2026-05-26T17:00:00+00:00,390.00000000000057,390.3000000000006,389.51000000000056,389.56000000000057,1497
2026-05-26T17:15:00+00:00,389.56000000000057,389.9300000000006,388.7900000000006,389.3600000000006,1811
2026-05-26T17:30:00+00:00,389.3600000000006,390.00000000000057,389.19000000000057,389.94000000000057,1512
2026-05-26T17:45:00+00:00,389.94000000000057,390.4800000000006,389.6700000000006,390.1700000000006,1116
2026-05-26T18:00:00+00:00,390.1700000000006,390.6700000000006,389.63000000000056,390.5500000000006,1161
2026-05-26T18:15:00+00:00,390.5500000000006,390.76000000000056,389.5400000000006,390.0800000000006,1433
2026-05-26T18:30:00+00:00,390.0800000000006,390.4000000000006,389.2800000000006,389.2900000000006,1350
2026-05-26T18:45:00+00:00,389.2900000000006,389.8500000000006,389.2800000000006,389.44000000000057,1613
2026-05-26T19:00:00+00:00,389.44000000000057,390.3400000000006,389.4000000000006,389.89000000000055,1245
2026-05-26T19:15:00+00:00,389.89000000000055,390.7200000000006,389.8000000000006,390.6700000000006,1288
2026-05-26T19:30:00+00:00,390.6700000000006,392.0200000000006,390.57000000000056,391.75000000000057,1528
2026-05-26T19:45:00+00:00,391.75000000000057,392.4700000000006,391.4300000000006,392.2100000000006,3269
2026-05-27T13:30:00+00:00,392.2100000000006,394.25000000000057,388.9000000000006,392.1000000000006,4230
2026-05-27T13:45:00+00:00,392.1000000000006,394.0400000000006,391.50000000000057,393.8700000000006,4196
2026-05-27T14:00:00+00:00,393.8700000000006,396.19000000000057,393.2900000000006,394.64000000000055,3935
2026-05-27T14:15:00+00:00,394.64000000000055,396.3700000000006,394.20000000000056,395.1000000000006,3464
2026-05-27T14:30:00+00:00,395.1000000000006,395.81000000000057,394.4900000000006,394.9800000000006,3083
2026-05-27T14:45:00+00:00,394.9800000000006,395.06000000000057,394.0400000000006,394.5700000000006,2802.975074183976
2026-05-27T15:00:00+00:00,394.5700000000006,395.4200000000006,394.0300000000006,394.0600000000006,2820
2026-05-27T15:15:00+00:00,394.0600000000006,395.6800000000006,394.0400000000006,395.4400000000006,2606
2026-05-27T15:30:00+00:00,395.4400000000006,395.5600000000006,394.5700000000006,394.7400000000006,2316
2026-05-27T15:45:00+00:00,394.7400000000006,395.5200000000006,394.4600000000006,394.7200000000006,2129
2026-05-27T16:00:00+00:00,394.7200000000006,394.7700000000006,393.5400000000006,394.3100000000006,2044
2026-05-27T16:15:00+00:00,394.3100000000006,394.9400000000006,393.7400000000006,394.8000000000006,1643
2026-05-27T16:30:00+00:00,394.8000000000006,397.1700000000006,394.7200000000006,396.7300000000006,2099
2026-05-27T16:45:00+00:00,396.7300000000006,396.7600000000006,394.8500000000006,395.2700000000006,1804
2026-05-27T17:00:00+00:00,395.2700000000006,395.3900000000006,394.1300000000006,394.3300000000006,1832
2026-05-27T17:15:00+00:00,394.3300000000006,394.7200000000006,393.9100000000006,393.9500000000006,1181
2026-05-27T17:30:00+00:00,393.9500000000006,395.1700000000006,393.9100000000006,395.0500000000006,1543
2026-05-27T17:45:00+00:00,395.0500000000006,395.7700000000006,394.3000000000006,395.4700000000006,1679
2026-05-27T18:00:00+00:00,395.4700000000006,395.7000000000006,394.7100000000006,395.4500000000006,1858
2026-05-27T18:15:00+00:00,395.4500000000006,396.2600000000006,395.3300000000006,395.9400000000006,1985
2026-05-27T18:30:00+00:00,395.9400000000006,396.0300000000006,394.1600000000006,394.3400000000006,2052
2026-05-27T18:45:00+00:00,394.3400000000006,394.62000000000063,393.7200000000006,394.2400000000006,1350
2026-05-27T19:00:00+00:00,394.2400000000006,395.0300000000006,394.2400000000006,394.6500000000006,1229
2026-05-27T19:15:00+00:00,394.6500000000006,394.6800000000006,393.6800000000006,393.9700000000006,1372
2026-05-27T19:30:00+00:00,393.9700000000006,394.1700000000006,393.4300000000006,393.6100000000006,1203
2026-05-27T19:45:00+00:00,393.6100000000006,393.7600000000006,391.8300000000006,392.3900000000006,4122
2026-05-28T13:30:00+00:00,392.3900000000006,392.3900000000006,389.0300000000006,389.1400000000006,3305
2026-05-28T13:45:00+00:00,389.1400000000006,391.4100000000006,388.7800000000006,390.8100000000006,3087
2026-05-28T14:00:00+00:00,390.8100000000006,393.8100000000006,389.5400000000006,393.6800000000006,3508
2026-05-28T14:15:00+00:00,393.6800000000006,393.8900000000006,392.3400000000006,393.1900000000006,2653
2026-05-28T14:30:00+00:00,393.1900000000006,393.3600000000006,392.3300000000006,393.2400000000006,2074
2026-05-28T14:45:00+00:00,393.2400000000006,393.4400000000006,392.1000000000006,392.7100000000006,1983
2026-05-28T15:00:00+00:00,392.7100000000006,394.8800000000006,392.5600000000006,393.4800000000006,3008
2026-05-28T15:15:00+00:00,393.4800000000006,393.5500000000006,392.8400000000006,393.1700000000006,1789
2026-05-28T15:30:00+00:00,393.1700000000006,394.2700000000006,393.0900000000006,393.6400000000006,1515
2026-05-28T15:45:00+00:00,393.6400000000006,393.9400000000006,393.3300000000006,393.7100000000006,1086
2026-05-28T16:00:00+00:00,393.7100000000006,394.0200000000006,393.2300000000006,393.37000000000063,1216
2026-05-28T16:15:00+00:00,393.37000000000063,393.9600000000006,392.9800000000006,393.1600000000006,1288
2026-05-28T16:30:00+00:00,393.1600000000006,393.2200000000006,392.1500000000006,392.2400000000006,1096
2026-05-28T16:45:00+00:00,392.2400000000006,392.6100000000006,391.6500000000006,392.4000000000006,1308
2026-05-28T17:00:00+00:00,392.4000000000006,392.62000000000063,392.1400000000006,392.3300000000006,1121
2026-05-28T17:15:00+00:00,392.3300000000006,393.7800000000006,392.3300000000006,393.4300000000006,1518
2026-05-28T17:30:00+00:00,393.4300000000006,394.4900000000006,393.4300000000006,394.1300000000006,2099
2026-05-28T17:45:00+00:00,394.1300000000006,394.5700000000006,393.0200000000006,393.2200000000006,2162
2026-05-28T18:00:00+00:00,393.2200000000006,393.7000000000006,392.7200000000006,393.4800000000006,1630
2026-05-28T18:15:00+00:00,393.4800000000006,394.4500000000006,393.4700000000006,393.8900000000006,1300
2026-05-28T18:30:00+00:00,393.8900000000006,394.8000000000006,393.7000000000006,394.4700000000006,1529
2026-05-28T18:45:00+00:00,394.4700000000006,394.8100000000006,393.8600000000006,393.8600000000006,1713
2026-05-28T19:00:00+00:00,393.8600000000006,394.4600000000006,393.7700000000006,393.9700000000006,1055
2026-05-28T19:15:00+00:00,393.9700000000006,394.5900000000006,393.8900000000006,394.4800000000006,1117
2026-05-28T19:30:00+00:00,394.4800000000006,395.3300000000006,394.4300000000006,394.6700000000006,1507
2026-05-28T19:45:00+00:00,394.6700000000006,394.8300000000006,392.6700000000006,393.6700000000006,3142
2026-05-29T13:30:00+00:00,393.6700000000006,393.6700000000006,384.0500000000006,387.0900000000006,4353
2026-05-29T13:45:00+00:00,387.0900000000006,389.12000000000063,386.5300000000006,388.9400000000006,3325
2026-05-29T14:00:00+00:00,388.9400000000006,389.1300000000006,387.0400000000006,387.0900000000006,3109
2026-05-29T14:15:00+00:00,387.0900000000006,387.87000000000063,386.2800000000006,387.4400000000006,2748
2026-05-29T14:30:00+00:00,387.4400000000006,387.5300000000006,384.8200000000006,384.9200000000006,2974
2026-05-29T14:45:00+00:00,384.9200000000006,387.12000000000063,384.7300000000006,386.53000000000054,3016.716515130954
2026-05-29T15:00:00+00:00,386.53000000000054,387.6800000000005,386.14000000000055,387.3100000000005,2152
2026-05-29T15:15:00+00:00,387.3100000000005,387.90000000000055,386.6900000000005,387.3600000000005,1945
2026-05-29T15:30:00+00:00,387.3600000000005,387.77000000000055,386.9400000000005,387.0000000000005,1668
2026-05-29T15:45:00+00:00,387.0000000000005,387.0600000000005,386.54000000000053,386.70000000000056,1637
2026-05-29T16:00:00+00:00,386.70000000000056,387.32000000000056,386.46000000000055,387.2400000000005,1403
2026-05-29T16:15:00+00:00,387.2400000000005,387.83000000000055,387.08000000000055,387.1900000000005,1453
2026-05-29T16:30:00+00:00,387.1900000000005,387.6200000000005,386.66000000000054,387.2400000000005,1881
2026-05-29T16:45:00+00:00,387.2400000000005,387.2400000000005,386.3100000000005,386.7400000000005,1489
2026-05-29T17:00:00+00:00,386.7400000000005,386.97000000000054,386.33000000000055,386.3700000000005,1072
2026-05-29T17:15:00+00:00,386.3700000000005,386.7400000000005,385.9200000000005,386.60000000000053,1405
2026-05-29T17:30:00+00:00,386.60000000000053,387.22000000000054,386.41000000000054,386.83000000000055,1228
2026-05-29T17:45:00+00:00,386.83000000000055,387.40000000000055,386.4200000000005,386.4200000000005,1465
2026-05-29T18:00:00+00:00,386.4200000000005,387.52000000000055,386.14000000000055,386.71000000000055,1226
2026-05-29T18:15:00+00:00,386.71000000000055,387.1700000000005,386.4900000000005,387.01000000000056,927
2026-05-29T18:30:00+00:00,387.01000000000056,387.20000000000056,386.46000000000055,386.53000000000054,1100
2026-05-29T18:45:00+00:00,386.53000000000054,386.59000000000054,385.5500000000005,385.73000000000053,1461
2026-05-29T19:00:00+00:00,385.73000000000053,386.54000000000053,385.73000000000053,386.1100000000005,1069
2026-05-29T19:15:00+00:00,386.1100000000005,386.57000000000056,385.54000000000053,386.3600000000005,1270
2026-05-29T19:30:00+00:00,386.3600000000005,386.90000000000055,385.89000000000055,385.91000000000054,1470
2026-05-29T19:45:00+00:00,385.91000000000054,385.96000000000055,381.84000000000054,383.9300000000005,5277
2026-06-01T13:30:00+00:00,383.9300000000005,383.9300000000005,377.2500000000005,378.97000000000054,3205
2026-06-01T13:45:00+00:00,378.97000000000054,379.95000000000056,377.5600000000005,378.4300000000005,2979
2026-06-01T14:00:00+00:00,378.4300000000005,380.2400000000005,378.14000000000055,378.34000000000054,2679
2026-06-01T14:15:00+00:00,378.34000000000054,379.98000000000053,378.1900000000005,379.54000000000053,3557
2026-06-01T14:30:00+00:00,379.54000000000053,380.26000000000056,379.41000000000054,379.89000000000055,2883
2026-06-01T14:45:00+00:00,379.89000000000055,380.7500000000005,379.7400000000005,380.1700000000005,2229
2026-06-01T15:00:00+00:00,380.1700000000005,381.29000000000053,379.58000000000055,379.64000000000055,2617
2026-06-01T15:15:00+00:00,379.64000000000055,379.73000000000053,378.71000000000055,379.2500000000005,2327
2026-06-01T15:30:00+00:00,379.2500000000005,380.09000000000054,378.7400000000005,378.8600000000005,2935
2026-06-01T15:45:00+00:00,378.8600000000005,379.20000000000056,378.34000000000054,378.95000000000056,1870
2026-06-01T16:00:00+00:00,378.95000000000056,379.3000000000005,378.54000000000053,378.5600000000005,1665
2026-06-01T16:15:00+00:00,378.5600000000005,378.85000000000053,378.2500000000005,378.54000000000053,1458
2026-06-01T16:30:00+00:00,378.54000000000053,379.33000000000055,378.40000000000055,378.63000000000056,1454
2026-06-01T16:45:00+00:00,378.63000000000056,379.71000000000055,378.40000000000055,379.58000000000055,1517
2026-06-01T17:00:00+00:00,379.58000000000055,380.28000000000054,379.26000000000056,379.82000000000056,1638
2026-06-01T17:15:00+00:00,379.82000000000056,381.5600000000005,379.78000000000054,381.4400000000005,1507
2026-06-01T17:30:00+00:00,381.4400000000005,381.9200000000005,380.48000000000053,381.48000000000053,2511
2026-06-01T17:45:00+00:00,381.48000000000053,382.0000000000005,379.09000000000054,379.8000000000005,2859
2026-06-01T18:00:00+00:00,379.8000000000005,380.01000000000056,379.46000000000055,379.73000000000053,1731
2026-06-01T18:15:00+00:00,379.73000000000053,381.04000000000053,379.73000000000053,380.84000000000054,2077
2026-06-01T18:30:00+00:00,380.84000000000054,381.15000000000055,380.54000000000053,381.02000000000055,1328
2026-06-01T18:45:00+00:00,381.02000000000055,381.4900000000005,380.97000000000054,381.34000000000054,1195
2026-06-01T19:00:00+00:00,381.34000000000054,381.89000000000055,381.08000000000055,381.2400000000005,1397
2026-06-01T19:15:00+00:00,381.2400000000005,381.9400000000005,381.1700000000005,381.9300000000005,1185
2026-06-01T19:30:00+00:00,381.9300000000005,382.10000000000053,380.6100000000005,380.98000000000053,2011
2026-06-01T19:45:00+00:00,380.98000000000053,381.60000000000053,379.59000000000054,379.90000000000055,3396
2026-06-02T13:30:00+00:00,379.90000000000055,379.90000000000055,362.54000000000053,364.20000000000056,5576
2026-06-02T13:45:00+00:00,364.20000000000056,367.91000000000054,363.38000000000056,367.78000000000054,4865
2026-06-02T14:00:00+00:00,367.78000000000054,373.3600000000005,367.38000000000056,372.41000000000054,4932
2026-06-02T14:15:00+00:00,372.41000000000054,374.82000000000056,371.3100000000005,374.4900000000005,3743
2026-06-02T14:30:00+00:00,374.4900000000005,376.28000000000054,374.21000000000055,375.84000000000054,3272
2026-06-02T14:45:00+00:00,375.84000000000054,377.26000000000056,375.2400000000005,376.58000000000055,2730
2026-06-02T15:00:00+00:00,376.58000000000055,376.79000000000053,373.4200000000005,373.84000000000054,2566
2026-06-02T15:15:00+00:00,373.84000000000054,374.34000000000054,373.35000000000053,373.6800000000005,2536
2026-06-02T15:30:00+00:00,373.6800000000005,373.72000000000054,371.6700000000005,371.6700000000005,2248
2026-06-02T15:45:00+00:00,371.6700000000005,371.8100000000005,370.54000000000053,370.60000000000053,2160
2026-06-02T16:00:00+00:00,370.60000000000053,371.9300000000005,370.21000000000055,371.54000000000053,2028
2026-06-02T16:15:00+00:00,371.54000000000053,371.91000000000054,370.84000000000054,371.3000000000005,1806
2026-06-02T16:30:00+00:00,371.3000000000005,371.53000000000054,370.79000000000053,370.90000000000055,1508
2026-06-02T16:45:00+00:00,370.90000000000055,372.89000000000055,370.83000000000055,371.97000000000054,1686
2026-06-02T17:00:00+00:00,371.97000000000054,372.4200000000005,371.5500000000005,371.64000000000055,1565
2026-06-02T17:15:00+00:00,371.64000000000055,371.89000000000055,371.04000000000053,371.46000000000055,1615
2026-06-02T17:30:00+00:00,371.46000000000055,372.2500000000005,371.14000000000055,372.16000000000054,1784
2026-06-02T17:45:00+00:00,372.16000000000054,372.41000000000054,371.04000000000053,371.04000000000053,1365
2026-06-02T18:00:00+00:00,371.04000000000053,371.2400000000005,370.65000000000055,370.9300000000005,1486
2026-06-02T18:15:00+00:00,370.9300000000005,371.01000000000056,368.57000000000056,368.6800000000005,1763
2026-06-02T18:30:00+00:00,368.6800000000005,369.6900000000005,368.6700000000005,369.22000000000054,2367
2026-06-02T18:45:00+00:00,369.22000000000054,369.22000000000054,368.2500000000005,368.39000000000055,1409
2026-06-02T19:00:00+00:00,368.39000000000055,368.85000000000053,367.97000000000054,368.27000000000055,1555
2026-06-02T19:15:00+00:00,368.27000000000055,368.45000000000056,367.9400000000005,368.0000000000005,1227
2026-06-02T19:30:00+00:00,368.0000000000005,368.3100000000005,367.15000000000055,367.28000000000054,1507
2026-06-02T19:45:00+00:00,367.28000000000054,367.4200000000005,365.35000000000053,365.91000000000054,4173
2026-06-03T13:30:00+00:00,365.91000000000054,370.02000000000055,364.5500000000005,367.16000000000054,6294
2026-06-03T13:45:00+00:00,367.16000000000054,368.04000000000053,364.9200000000005,367.6700000000005,5190
2026-06-03T14:00:00+00:00,367.6700000000005,369.57000000000056,367.03000000000054,367.57000000000056,5077
2026-06-03T14:15:00+00:00,367.57000000000056,367.71000000000055,364.6900000000005,364.98000000000053,4098
2026-06-03T14:30:00+00:00,364.98000000000053,367.63000000000056,364.9400000000005,366.29000000000053,3197
2026-06-03T14:45:00+00:00,366.29000000000053,366.52000000000055,364.4300000000005,365.09000000000054,2570.7120959680105
2026-06-03T15:00:00+00:00,365.09000000000054,365.3200000000005,363.1300000000005,363.4200000000005,2630
2026-06-03T15:15:00+00:00,363.4200000000005,363.48000000000053,362.2600000000005,363.3900000000005,2925
2026-06-03T15:30:00+00:00,363.3900000000005,363.8000000000005,362.66000000000054,363.7700000000005,2624
2026-06-03T15:45:00+00:00,363.7700000000005,364.1100000000005,362.66000000000054,363.41000000000054,2455
2026-06-03T16:00:00+00:00,363.41000000000054,364.8600000000005,363.2400000000005,363.2600000000005,2062
2026-06-03T16:15:00+00:00,363.2600000000005,363.4500000000005,362.3600000000005,362.91000000000054,2773
2026-06-03T16:30:00+00:00,362.91000000000054,364.1800000000005,362.8700000000005,363.97000000000054,2738
2026-06-03T16:45:00+00:00,363.97000000000054,365.4200000000005,363.9600000000005,365.0700000000005,2029
2026-06-03T17:00:00+00:00,365.0700000000005,365.3100000000005,364.2100000000005,364.8100000000005,2241
2026-06-03T17:15:00+00:00,364.8100000000005,366.1900000000005,364.8000000000005,365.40000000000055,2168
2026-06-03T17:30:00+00:00,365.40000000000055,365.8200000000005,364.66000000000054,365.3800000000005,1908
2026-06-03T17:45:00+00:00,365.3800000000005,365.4500000000005,363.8600000000005,364.3300000000005,1792
2026-06-03T18:00:00+00:00,364.3300000000005,364.47000000000054,363.0600000000005,363.1100000000005,2258
2026-06-03T18:15:00+00:00,363.1100000000005,363.8100000000005,363.0600000000005,363.4600000000005,2355
2026-06-03T18:30:00+00:00,363.4600000000005,364.5000000000005,363.4400000000005,364.4200000000005,2788
2026-06-03T18:45:00+00:00,364.4200000000005,365.3600000000005,364.2700000000005,364.5000000000005,2457
2026-06-03T19:00:00+00:00,364.5000000000005,364.5700000000005,363.28000000000054,364.3100000000005,2455
2026-06-03T19:15:00+00:00,364.3100000000005,364.3600000000005,363.4900000000005,364.0200000000005,2359
2026-06-03T19:30:00+00:00,364.0200000000005,364.1100000000005,362.7500000000005,362.8900000000005,2002
2026-06-03T19:45:00+00:00,362.8900000000005,363.6100000000005,361.91000000000054,363.6100000000005,4259
2026-06-04T13:30:00+00:00,363.6100000000005,369.0500000000005,361.97000000000054,367.22000000000054,3795
2026-06-04T13:45:00+00:00,367.22000000000054,371.48000000000053,367.0200000000005,370.1400000000005,4264
2026-06-04T14:00:00+00:00,370.1400000000005,371.34000000000054,368.6300000000005,371.3000000000005,4451
2026-06-04T14:15:00+00:00,371.3000000000005,372.9900000000005,370.73000000000053,372.5800000000005,3483
2026-06-04T14:30:00+00:00,372.5800000000005,373.1300000000005,371.5600000000005,372.6900000000005,3092
2026-06-04T14:45:00+00:00,372.6900000000005,373.2100000000005,371.8100000000005,372.8600000000005,2625
2026-06-04T15:00:00+00:00,372.8600000000005,373.7600000000005,371.66000000000054,372.7100000000005,2903
2026-06-04T15:15:00+00:00,372.7100000000005,375.3900000000005,372.5700000000005,375.28000000000054,2670
2026-06-04T15:30:00+00:00,375.28000000000054,375.28000000000054,373.0600000000005,373.3000000000005,3005
2026-06-04T15:45:00+00:00,373.3000000000005,375.10000000000053,372.6700000000005,374.3700000000005,2754
2026-06-04T16:00:00+00:00,374.3700000000005,376.90000000000055,373.9600000000005,375.9900000000005,2745
2026-06-04T16:15:00+00:00,375.9900000000005,376.5000000000005,374.7600000000005,375.79000000000053,2434
2026-06-04T16:30:00+00:00,375.79000000000053,376.4600000000005,375.2600000000005,375.6900000000005,2314
2026-06-04T16:45:00+00:00,375.6900000000005,376.1200000000005,374.7100000000005,375.9300000000005,2114
2026-06-04T17:00:00+00:00,375.9300000000005,377.1300000000005,375.41000000000054,377.10000000000053,2265
2026-06-04T17:15:00+00:00,377.10000000000053,377.2500000000005,376.1800000000005,377.1900000000005,2187
2026-06-04T17:30:00+00:00,377.1900000000005,377.2400000000005,375.7400000000005,376.78000000000054,2123
2026-06-04T17:45:00+00:00,376.78000000000054,377.29000000000053,376.6800000000005,376.9400000000005,1533
2026-06-04T18:00:00+00:00,376.9400000000005,377.1100000000005,375.29000000000053,376.4900000000005,2225
2026-06-04T18:15:00+00:00,376.4900000000005,377.3800000000005,376.3000000000005,376.9300000000005,1933
2026-06-04T18:30:00+00:00,376.9300000000005,377.0200000000005,376.2700000000005,376.6200000000005,2401
2026-06-04T18:45:00+00:00,376.6200000000005,377.16000000000054,376.0700000000005,376.1700000000005,1834
2026-06-04T19:00:00+00:00,376.1700000000005,376.3100000000005,374.59000000000054,375.4200000000005,1748
2026-06-04T19:15:00+00:00,375.4200000000005,375.8900000000005,374.5800000000005,375.2700000000005,2115
2026-06-04T19:30:00+00:00,375.2700000000005,376.6100000000005,375.1100000000005,376.1800000000005,1854
2026-06-04T19:45:00+00:00,376.1800000000005,377.35000000000053,375.91000000000054,377.1400000000005,4350
2026-06-05T13:30:00+00:00,377.1400000000005,377.1400000000005,369.3100000000005,375.7600000000005,5710
2026-06-05T13:45:00+00:00,375.7600000000005,376.1200000000005,373.6300000000005,374.48000000000053,6303
2026-06-05T14:00:00+00:00,374.48000000000053,375.79000000000053,373.2500000000006,375.62000000000046,4066.6601266936677
2026-06-05T14:15:00+00:00,375.62000000000046,376.1000000000005,374.0000000000007,374.7300000000007,3465.4025500628472
2026-06-05T14:30:00+00:00,374.7300000000007,374.9900000000007,372.5900000000006,372.9300000000006,3436.0404343690107
2026-06-05T14:45:00+00:00,372.9300000000006,375.0900000000006,372.9100000000006,374.94000000000057,2838.4512023780503
2026-06-05T15:00:00+00:00,374.94000000000057,375.1100000000004,373.2500000000005,373.31000000000057,2999.038011581006
2026-06-05T15:15:00+00:00,373.31000000000057,374.76000000000045,373.23000000000053,374.67000000000047,3148.0900246080455
2026-06-05T15:30:00+00:00,374.67000000000047,375.00000000000045,373.7300000000005,373.89000000000044,4941
2026-06-05T15:45:00+00:00,373.89000000000044,375.84000000000043,373.55000000000047,375.3500000000005,3018
2026-06-05T16:00:00+00:00,375.3500000000005,375.61000000000047,374.12000000000046,374.5400000000005,3841
2026-06-05T16:15:00+00:00,374.5400000000005,375.38000000000045,374.2900000000005,374.65000000000043,3539
2026-06-05T16:30:00+00:00,374.65000000000043,375.36000000000047,373.59000000000043,373.71000000000043,4220
2026-06-05T16:45:00+00:00,373.71000000000043,374.84000000000043,372.84000000000043,374.65000000000043,4284
2026-06-05T17:00:00+00:00,374.65000000000043,375.2300000000005,373.70000000000044,374.2900000000005,3562
2026-06-05T17:15:00+00:00,374.2900000000005,375.13000000000045,373.25000000000045,374.59000000000043,5389
2026-06-05T17:30:00+00:00,374.59000000000043,374.6600000000005,373.45000000000044,373.5400000000005,5285
2026-06-05T17:45:00+00:00,373.5400000000005,374.2300000000005,373.2800000000005,374.08000000000044,4292
2026-06-05T18:00:00+00:00,374.08000000000044,374.6000000000005,372.0400000000005,372.07000000000045,4264
2026-06-05T18:15:00+00:00,372.07000000000045,373.86000000000047,371.08000000000044,372.2200000000005,3365
2026-06-05T18:30:00+00:00,372.2200000000005,373.19000000000045,371.76000000000045,372.76000000000045,4398
2026-06-05T18:45:00+00:00,372.76000000000045,373.26000000000045,371.70000000000044,371.7200000000005,5187
2026-06-05T19:00:00+00:00,371.7200000000005,371.94000000000045,370.12000000000046,370.20000000000044,3093
2026-06-05T19:15:00+00:00,370.20000000000044,370.26000000000045,369.09000000000043,370.21000000000043,3437
2026-06-05T19:30:00+00:00,370.21000000000043,370.26000000000045,368.9800000000005,369.61000000000047,3934
2026-06-05T19:45:00+00:00,369.61000000000047,373.83000000000044,369.45000000000044,373.24000000000046,5964
2026-06-08T13:30:00+00:00,373.24000000000046,373.24000000000046,367.25000000000045,369.52000000000044,3923
2026-06-08T13:45:00+00:00,369.52000000000044,369.69000000000045,367.4700000000005,367.5400000000005,3654
2026-06-08T14:00:00+00:00,367.5400000000005,367.69000000000045,365.25000000000045,365.69000000000045,3969
2026-06-08T14:15:00+00:00,365.69000000000045,367.07000000000045,365.2900000000005,366.56000000000046,3229
2026-06-08T14:30:00+00:00,366.56000000000046,366.9800000000005,365.64000000000044,366.0400000000005,3474
2026-06-08T14:45:00+00:00,366.0400000000005,369.15000000000043,366.02000000000044,369.01000000000045,3041
2026-06-08T15:00:00+00:00,369.01000000000045,369.30000000000047,367.84000000000043,368.27000000000044,2468
2026-06-08T15:15:00+00:00,368.27000000000044,369.13000000000045,367.76000000000045,367.82000000000045,2553
2026-06-08T15:30:00+00:00,367.82000000000045,368.08000000000044,367.0400000000005,367.31000000000046,2983
2026-06-08T15:45:00+00:00,367.31000000000046,367.6000000000005,366.07000000000045,366.55000000000047,2572
2026-06-08T16:00:00+00:00,366.55000000000047,367.17000000000047,366.37000000000046,366.92000000000047,2667
2026-06-08T16:15:00+00:00,366.92000000000047,367.45000000000044,366.44000000000045,366.58000000000044,2422
2026-06-08T16:30:00+00:00,366.58000000000044,367.27000000000044,366.45000000000044,367.0300000000005,2505
2026-06-08T16:45:00+00:00,367.0300000000005,367.68000000000046,366.64000000000044,366.7900000000005,1908
2026-06-08T17:00:00+00:00,366.7900000000005,366.81000000000046,365.68000000000046,366.2900000000005,3326
2026-06-08T17:15:00+00:00,366.2900000000005,369.11000000000047,366.18000000000046,368.82000000000045,3005
2026-06-08T17:30:00+00:00,368.82000000000045,369.77000000000044,368.3500000000005,368.59000000000043,3364
2026-06-08T17:45:00+00:00,368.59000000000043,369.34000000000043,368.24000000000046,368.95000000000044,2907
2026-06-08T18:00:00+00:00,368.95000000000044,369.44000000000045,368.15000000000043,368.90000000000043,2600
2026-06-08T18:15:00+00:00,368.90000000000043,369.2800000000005,368.5400000000005,369.25000000000045,2002
2026-06-08T18:30:00+00:00,369.25000000000045,369.80000000000047,368.68000000000046,368.84000000000043,2432
2026-06-08T18:45:00+00:00,368.84000000000043,369.1600000000005,368.17000000000047,368.42000000000047,1918
2026-06-08T19:00:00+00:00,368.42000000000047,368.51000000000045,367.7200000000005,367.7300000000005,2194
2026-06-08T19:15:00+00:00,367.7300000000005,367.89000000000044,367.05000000000047,367.84000000000043,2406
2026-06-08T19:30:00+00:00,367.84000000000043,368.07000000000045,367.21000000000043,368.07000000000045,2297
2026-06-08T19:45:00+00:00,368.07000000000045,369.00000000000045,367.51000000000045,368.6600000000005,3550
2026-06-09T13:30:00+00:00,368.6600000000005,377.05000000000047,368.6600000000005,375.86000000000047,4314
2026-06-09T13:45:00+00:00,375.86000000000047,376.68000000000046,374.09000000000043,374.3500000000005,3908
2026-06-09T14:00:00+00:00,374.3500000000005,375.68000000000046,372.80000000000047,372.99000000000046,4743
2026-06-09T14:15:00+00:00,372.99000000000046,373.12000000000046,371.00000000000045,372.9100000000005,5579
2026-06-09T14:30:00+00:00,372.9100000000005,374.0300000000005,370.46000000000043,370.46000000000043,5734
2026-06-09T14:45:00+00:00,370.46000000000043,370.59000000000043,368.37000000000046,369.8500000000005,7068
2026-06-09T15:00:00+00:00,369.8500000000005,370.12000000000046,368.75000000000045,369.01000000000045,5303
2026-06-09T15:15:00+00:00,369.01000000000045,369.08000000000044,365.57000000000045,365.93000000000046,5608
2026-06-09T15:30:00+00:00,365.93000000000046,366.25000000000045,364.6000000000005,365.52000000000044,5911
2026-06-09T15:45:00+00:00,365.52000000000044,366.61000000000047,365.02000000000044,365.1600000000005,5993
2026-06-09T16:00:00+00:00,365.1600000000005,366.4100000000005,365.12000000000046,365.2300000000005,6807
2026-06-09T16:15:00+00:00,365.2300000000005,365.82000000000045,363.24000000000046,365.69000000000045,3653
2026-06-09T16:30:00+00:00,365.69000000000045,366.49000000000046,362.14000000000044,363.27000000000044,7437
2026-06-09T16:45:00+00:00,363.27000000000044,365.0300000000005,362.69000000000045,364.96000000000043,6807
2026-06-09T17:00:00+00:00,364.96000000000043,367.3500000000005,364.75000000000045,367.05000000000047,5667
2026-06-09T17:15:00+00:00,367.05000000000047,368.05000000000047,366.45000000000044,367.87000000000046,5991
2026-06-09T17:30:00+00:00,367.87000000000046,370.06000000000046,367.44000000000045,369.4700000000005,5821
2026-06-09T17:45:00+00:00,369.4700000000005,369.62000000000046,368.0300000000005,368.8500000000005,6029
2026-06-09T18:00:00+00:00,368.8500000000005,370.07000000000045,368.69000000000045,369.58000000000044,5105
2026-06-09T18:15:00+00:00,369.58000000000044,370.57000000000045,369.27000000000044,370.52000000000044,4581
2026-06-09T18:30:00+00:00,370.52000000000044,371.1000000000005,370.01000000000045,370.15000000000043,4475
2026-06-09T18:45:00+00:00,370.15000000000043,371.6000000000005,370.05000000000047,371.11000000000047,5202
2026-06-09T19:00:00+00:00,371.11000000000047,372.0300000000005,370.74000000000046,370.8500000000005,6170
2026-06-09T19:15:00+00:00,370.8500000000005,370.89000000000044,368.95000000000044,369.38000000000045,7464
2026-06-09T19:30:00+00:00,369.38000000000045,369.6600000000005,368.32000000000045,368.65000000000043,6317
2026-06-09T19:45:00+00:00,368.65000000000043,370.6000000000005,367.96000000000043,369.2900000000005,5544
2026-06-10T13:30:00+00:00,369.2900000000005,371.4700000000005,366.44000000000045,370.68000000000046,4522
2026-06-10T13:45:00+00:00,370.68000000000046,371.9100000000005,368.34000000000043,371.30000000000047,6597
2026-06-10T14:00:00+00:00,371.30000000000047,373.19000000000045,370.44000000000045,372.34000000000043,5663
2026-06-10T14:15:00+00:00,372.34000000000043,373.7300000000005,370.8500000000005,372.51000000000045,5772
2026-06-10T14:30:00+00:00,372.51000000000045,372.74000000000046,369.92000000000047,369.94000000000045,4508
2026-06-10T14:45:00+00:00,369.94000000000045,370.24000000000046,367.95000000000044,368.5800000000004,4367.225170383113
2026-06-10T15:00:00+00:00,368.5800000000004,369.5200000000004,366.93000000000035,366.9400000000004,5624
2026-06-10T15:15:00+00:00,366.9400000000004,368.30000000000035,365.93000000000035,367.55000000000035,4309
2026-06-10T15:30:00+00:00,367.55000000000035,367.7700000000004,366.23000000000036,367.16000000000037,2781
2026-06-10T15:45:00+00:00,367.16000000000037,367.48000000000036,364.53000000000037,365.9400000000004,5732
2026-06-10T16:00:00+00:00,365.9400000000004,366.3400000000004,364.0600000000004,364.2100000000004,4708
2026-06-10T16:15:00+00:00,364.2100000000004,364.5600000000004,363.6500000000004,363.8400000000004,3654
2026-06-10T16:30:00+00:00,363.8400000000004,364.5000000000004,363.35000000000036,363.5600000000004,3106
2026-06-10T16:45:00+00:00,363.5600000000004,363.8100000000004,362.60000000000036,363.43000000000035,2538
2026-06-10T17:00:00+00:00,363.43000000000035,363.92000000000036,361.97000000000037,362.03000000000037,2597
2026-06-10T17:15:00+00:00,362.03000000000037,362.4000000000004,361.8400000000004,362.1400000000004,2856
2026-06-10T17:30:00+00:00,362.1400000000004,362.17000000000036,361.24000000000035,361.4400000000004,3085
2026-06-10T17:45:00+00:00,361.4400000000004,362.7000000000004,361.3300000000004,362.3900000000004,5136
2026-06-10T18:00:00+00:00,362.3900000000004,362.8800000000004,362.16000000000037,362.47000000000037,4048
2026-06-10T18:15:00+00:00,362.47000000000037,362.78000000000037,361.61000000000035,361.9000000000004,4021
2026-06-10T18:30:00+00:00,361.9000000000004,361.9400000000004,361.2500000000004,361.8300000000004,3397
2026-06-10T18:45:00+00:00,361.8300000000004,362.22000000000037,361.23000000000036,361.80000000000035,3085
2026-06-10T19:00:00+00:00,361.80000000000035,362.41000000000037,361.2000000000004,361.91000000000037,2636
2026-06-10T19:15:00+00:00,361.91000000000037,362.7600000000004,361.6300000000004,361.9500000000004,4936
2026-06-10T19:30:00+00:00,361.9500000000004,362.3800000000004,361.60000000000036,362.3200000000004,4875
2026-06-10T19:45:00+00:00,362.3200000000004,362.3800000000004,360.3100000000004,361.0000000000004,5024
2026-06-11T13:30:00+00:00,361.0000000000004,361.9400000000004,352.23000000000036,352.72000000000037,5491
2026-06-11T13:45:00+00:00,352.72000000000037,356.36000000000035,352.53000000000037,353.1300000000004,6780
2026-06-11T14:00:00+00:00,353.1300000000004,356.03000000000037,352.8900000000004,353.6400000000004,5602
2026-06-11T14:15:00+00:00,353.6400000000004,354.03000000000037,351.61000000000035,353.0600000000004,6789
2026-06-11T14:30:00+00:00,353.0600000000004,354.35000000000036,351.55000000000035,353.2000000000004,5928
2026-06-11T14:45:00+00:00,353.2000000000004,353.5900000000004,351.5600000000004,351.91000000000037,5238
2026-06-11T15:00:00+00:00,351.91000000000037,353.11000000000035,351.36000000000035,352.28000000000037,5843
2026-06-11T15:15:00+00:00,352.28000000000037,353.3400000000004,351.7100000000004,352.17000000000036,4637
2026-06-11T15:30:00+00:00,352.17000000000036,353.3900000000004,351.8300000000004,352.23000000000036,4937
2026-06-11T15:45:00+00:00,352.23000000000036,352.80000000000035,351.55000000000035,352.68000000000035,4021
2026-06-11T16:00:00+00:00,352.68000000000035,354.3300000000004,352.53000000000037,354.2700000000004,4719
2026-06-11T16:15:00+00:00,354.2700000000004,354.9000000000004,353.03000000000037,353.03000000000037,4354
2026-06-11T16:30:00+00:00,353.03000000000037,354.5000000000004,352.73000000000036,353.7100000000004,4618
2026-06-11T16:45:00+00:00,353.7100000000004,353.8400000000004,352.3300000000004,352.3400000000004,3575
2026-06-11T17:00:00+00:00,352.3400000000004,352.73000000000036,351.4000000000004,351.9600000000004,3990
2026-06-11T17:15:00+00:00,351.9600000000004,355.86000000000035,351.1400000000004,355.5700000000004,4117
2026-06-11T17:30:00+00:00,355.5700000000004,358.5100000000004,355.5600000000004,358.3800000000004,3209
2026-06-11T17:45:00+00:00,358.3800000000004,358.49000000000035,356.0700000000004,356.97000000000037,2602
2026-06-11T18:00:00+00:00,356.97000000000037,357.2100000000004,355.8300000000004,356.72000000000037,2737
2026-06-11T18:15:00+00:00,356.72000000000037,358.7000000000004,356.53000000000037,357.7600000000004,2284
2026-06-11T18:30:00+00:00,357.7600000000004,358.5100000000004,357.4500000000004,357.98000000000036,2258
2026-06-11T18:45:00+00:00,357.98000000000036,359.6900000000004,357.78000000000037,359.35000000000036,2442
2026-06-11T19:00:00+00:00,359.35000000000036,361.4000000000004,359.3300000000004,360.9400000000004,2633
2026-06-11T19:15:00+00:00,360.9400000000004,362.16000000000037,360.8100000000004,362.0600000000004,1966
2026-06-11T19:30:00+00:00,362.0600000000004,363.49000000000035,362.0600000000004,362.2000000000004,4010
2026-06-11T19:45:00+00:00,362.2000000000004,365.48000000000036,361.0800000000004,364.1200000000004,7198
2026-06-12T13:30:00+00:00,364.1200000000004,370.1300000000004,363.04000000000036,363.0700000000004,6724
2026-06-12T13:45:00+00:00,363.0700000000004,365.0800000000004,360.78000000000037,364.10000000000036,6185
2026-06-12T14:00:00+00:00,364.10000000000036,367.24000000000035,363.93000000000035,366.16000000000037,2683
2026-06-12T14:15:00+00:00,366.16000000000037,368.24000000000035,366.16000000000037,367.54000000000036,2860
2026-06-12T14:30:00+00:00,367.54000000000036,368.8100000000004,365.05000000000035,365.17000000000036,2716
2026-06-12T14:45:00+00:00,365.17000000000036,368.7500000000004,365.11000000000035,368.7500000000004,2249.2065562213606
2026-06-12T15:00:00+00:00,368.7500000000004,369.3400000000004,367.93000000000035,368.5700000000004,1978
2026-06-12T15:15:00+00:00,368.5700000000004,372.18000000000035,368.23000000000036,371.0800000000004,2662
2026-06-12T15:30:00+00:00,371.0800000000004,371.1500000000004,367.97000000000037,368.0100000000004,3864
2026-06-12T15:45:00+00:00,368.0100000000004,368.48000000000036,366.1500000000004,366.60000000000036,3728
2026-06-12T16:00:00+00:00,366.60000000000036,368.05000000000035,365.80000000000035,367.7100000000004,4360
2026-06-12T16:15:00+00:00,367.7100000000004,368.48000000000036,366.8200000000004,367.0200000000004,2843
2026-06-12T16:30:00+00:00,367.0200000000004,367.49000000000035,366.5700000000004,366.80000000000035,2868
2026-06-12T16:45:00+00:00,366.80000000000035,367.5900000000004,366.61000000000035,367.4000000000004,2501
2026-06-12T17:00:00+00:00,367.4000000000004,369.0600000000004,367.22000000000037,367.9600000000004,2427
2026-06-12T17:15:00+00:00,367.9600000000004,368.5800000000004,367.67000000000036,368.3300000000004,1962
2026-06-12T17:30:00+00:00,368.3300000000004,368.41000000000037,366.78000000000037,366.8400000000004,2178
2026-06-12T17:45:00+00:00,366.8400000000004,367.2100000000004,366.48000000000036,366.98000000000036,1987
2026-06-12T18:00:00+00:00,366.98000000000036,367.48000000000036,366.28000000000037,367.0000000000004,2722
2026-06-12T18:15:00+00:00,367.0000000000004,367.36000000000035,366.28000000000037,366.67000000000036,2557
2026-06-12T18:30:00+00:00,366.67000000000036,367.48000000000036,366.48000000000036,367.48000000000036,2204
2026-06-12T18:45:00+00:00,367.48000000000036,367.48000000000036,366.2100000000004,366.2700000000004,2165
2026-06-12T19:00:00+00:00,366.2700000000004,366.8100000000004,365.72000000000037,365.7700000000004,2245
2026-06-12T19:15:00+00:00,365.7700000000004,366.2000000000004,365.35000000000036,366.1900000000004,2399
2026-06-12T19:30:00+00:00,366.1900000000004,366.24000000000035,365.0900000000004,365.1900000000004,2872
2026-06-12T19:45:00+00:00,365.1900000000004,365.7100000000004,364.28000000000037,365.55000000000035,3101
2026-06-15T13:30:00+00:00,365.55000000000035,377.60000000000036,365.55000000000035,373.5000000000004,7222
2026-06-15T13:45:00+00:00,373.5000000000004,375.0100000000004,372.0800000000004,374.5000000000004,6226
2026-06-15T14:00:00+00:00,374.5000000000004,376.91000000000037,372.7500000000004,373.60000000000036,6003
2026-06-15T14:15:00+00:00,373.60000000000036,375.18000000000035,373.3900000000004,374.36000000000035,4923
2026-06-15T14:30:00+00:00,374.36000000000035,375.67000000000036,374.0000000000004,374.54000000000036,3572
2026-06-15T14:45:00+00:00,374.54000000000036,375.8900000000004,374.0800000000004,375.86000000000035,2991
2026-06-15T15:00:00+00:00,375.86000000000035,376.5600000000004,375.2100000000004,375.4600000000004,2929
2026-06-15T15:15:00+00:00,375.4600000000004,377.74000000000035,375.42000000000036,377.5200000000004,2639
2026-06-15T15:30:00+00:00,377.5200000000004,377.66000000000037,376.30000000000035,376.74000000000035,2740
2026-06-15T15:45:00+00:00,376.74000000000035,377.78000000000037,376.5200000000004,377.53000000000037,2668
2026-06-15T16:00:00+00:00,377.53000000000037,378.10000000000036,377.0200000000004,377.0600000000004,2681
2026-06-15T16:15:00+00:00,377.0600000000004,377.35000000000036,376.37000000000035,376.49000000000035,2307
2026-06-15T16:30:00+00:00,376.49000000000035,376.74000000000035,376.1900000000004,376.4500000000004,1918
2026-06-15T16:45:00+00:00,376.4500000000004,376.86000000000035,376.2100000000004,376.78000000000037,2005
2026-06-15T17:00:00+00:00,376.78000000000037,377.29000000000036,376.35000000000036,377.0600000000004,2006
2026-06-15T17:15:00+00:00,377.0600000000004,377.5100000000004,376.72000000000037,377.12000000000035,1887
2026-06-15T17:30:00+00:00,377.12000000000035,377.5700000000004,376.68000000000035,376.87000000000035,1780
2026-06-15T17:45:00+00:00,376.87000000000035,377.24000000000035,376.49000000000035,376.9000000000004,2068
2026-06-15T18:00:00+00:00,376.9000000000004,377.28000000000037,376.2000000000004,376.6500000000004,2127
2026-06-15T18:15:00+00:00,376.6500000000004,377.0100000000004,376.42000000000036,376.86000000000035,1786
2026-06-15T18:30:00+00:00,376.86000000000035,377.18000000000035,376.47000000000037,376.68000000000035,2097
2026-06-15T18:45:00+00:00,376.68000000000035,376.98000000000036,376.4400000000004,376.78000000000037,2184
2026-06-15T19:00:00+00:00,376.78000000000037,376.97000000000037,375.37000000000035,375.4000000000004,2459
2026-06-15T19:15:00+00:00,375.4000000000004,375.97000000000037,374.79000000000036,375.11000000000035,2330
2026-06-15T19:30:00+00:00,375.11000000000035,375.18000000000035,374.49000000000035,374.53000000000037,2271
2026-06-15T19:45:00+00:00,374.53000000000037,374.98000000000036,373.03000000000037,374.74000000000035,4125
2026-06-16T13:30:00+00:00,374.74000000000035,376.61000000000035,373.0700000000004,373.93000000000035,7161
2026-06-16T13:45:00+00:00,373.93000000000035,374.7700000000004,372.7700000000004,373.7000000000004,6647
2026-06-16T14:00:00+00:00,373.7000000000004,376.6300000000004,373.6500000000004,375.9000000000004,5952
2026-06-16T14:15:00+00:00,375.9000000000004,377.48000000000036,375.36000000000035,375.79000000000036,6308
2026-06-16T14:30:00+00:00,375.79000000000036,379.3900000000004,375.6400000000004,378.36000000000035,4133
2026-06-16T14:45:00+00:00,378.36000000000035,379.6300000000004,377.7600000000004,379.5600000000004,4067
2026-06-16T15:00:00+00:00,379.5600000000004,380.9600000000004,379.4400000000004,379.9400000000004,4126
2026-06-16T15:15:00+00:00,379.9400000000004,380.99000000000035,379.0800000000004,380.49000000000035,3730
2026-06-16T15:30:00+00:00,380.49000000000035,380.7700000000004,379.2700000000004,379.2700000000004,3170
2026-06-16T15:45:00+00:00,379.2700000000004,379.78000000000037,378.41000000000037,378.42000000000036,3792
2026-06-16T16:00:00+00:00,378.42000000000036,378.5100000000004,377.03000000000037,378.3100000000004,4340
2026-06-16T16:15:00+00:00,378.3100000000004,378.55000000000035,377.43000000000035,377.6500000000004,3243
2026-06-16T16:30:00+00:00,377.6500000000004,377.7500000000004,376.87000000000035,377.16000000000037,3047
2026-06-16T16:45:00+00:00,377.16000000000037,377.17000000000036,375.0700000000004,375.53000000000037,2905
2026-06-16T17:00:00+00:00,375.53000000000037,375.87000000000035,375.1300000000004,375.5100000000004,2577
2026-06-16T17:15:00+00:00,375.5100000000004,376.36000000000035,375.3800000000004,375.8300000000004,2387
2026-06-16T17:30:00+00:00,375.8300000000004,376.7100000000004,375.73000000000036,376.5100000000004,3187
2026-06-16T17:45:00+00:00,376.5100000000004,377.0600000000004,376.2000000000004,376.3300000000004,2728
2026-06-16T18:00:00+00:00,376.3300000000004,377.8200000000004,376.0000000000004,377.80000000000035,2765
2026-06-16T18:15:00+00:00,377.80000000000035,377.9600000000004,377.43000000000035,377.62000000000035,2169
2026-06-16T18:30:00+00:00,377.62000000000035,378.7600000000004,377.49000000000035,378.43000000000035,2292
2026-06-16T18:45:00+00:00,378.43000000000035,379.24000000000035,377.8200000000004,379.0000000000004,2108
2026-06-16T19:00:00+00:00,379.0000000000004,379.0600000000004,378.03000000000037,378.37000000000035,2503
2026-06-16T19:15:00+00:00,378.37000000000035,378.8200000000004,377.6500000000004,377.74000000000035,2848
2026-06-16T19:30:00+00:00,377.74000000000035,378.3800000000004,377.11000000000035,378.3200000000004,2693
2026-06-16T19:45:00+00:00,378.3200000000004,379.2500000000004,377.60000000000036,378.7500000000004,6527
2026-06-17T13:30:00+00:00,378.7500000000004,378.7500000000004,372.60000000000036,373.0700000000004,5634
2026-06-17T13:45:00+00:00,373.0700000000004,373.2500000000004,371.2700000000004,371.6900000000004,5754
2026-06-17T14:00:00+00:00,371.6900000000004,373.1300000000004,370.47000000000037,372.85000000000036,5705
2026-06-17T14:15:00+00:00,372.85000000000036,373.5100000000004,372.11000000000035,372.41000000000037,5501
2026-06-17T14:30:00+00:00,372.41000000000037,372.5700000000004,369.6500000000004,370.3400000000004,4867
2026-06-17T14:45:00+00:00,370.3400000000004,370.7500000000004,368.48000000000036,369.58000000000044,5830.062530453142
2026-06-17T15:00:00+00:00,369.58000000000044,369.64000000000044,368.26000000000045,369.3500000000005,3764
2026-06-17T15:15:00+00:00,369.3500000000005,370.33000000000044,369.21000000000043,369.67000000000047,3422
2026-06-17T15:30:00+00:00,369.67000000000047,370.65000000000043,369.38000000000045,370.37000000000046,2906
2026-06-17T15:45:00+00:00,370.37000000000046,370.4700000000005,369.6000000000005,370.36000000000047,2333
2026-06-17T16:00:00+00:00,370.36000000000047,370.6000000000005,369.6000000000005,369.86000000000047,2431
2026-06-17T16:15:00+00:00,369.86000000000047,371.4800000000005,369.71000000000043,371.11000000000047,2065
2026-06-17T16:30:00+00:00,371.11000000000047,371.26000000000045,370.00000000000045,370.51000000000045,2442
2026-06-17T16:45:00+00:00,370.51000000000045,370.99000000000046,370.3500000000005,370.80000000000047,2360
2026-06-17T17:00:00+00:00,370.80000000000047,370.8500000000005,369.49000000000046,369.5900000000005,2354
2026-06-17T17:15:00+00:00,369.5900000000005,370.63000000000045,369.30000000000047,370.58000000000044,2091
2026-06-17T17:30:00+00:00,370.58000000000044,370.70000000000044,370.07000000000045,370.5400000000005,1936
2026-06-17T17:45:00+00:00,370.5400000000005,372.08000000000044,370.25000000000045,371.86000000000047,2211
2026-06-17T18:00:00+00:00,371.86000000000047,372.14000000000044,369.7200000000005,371.69000000000045,6247
2026-06-17T18:15:00+00:00,371.69000000000045,372.21000000000043,370.57000000000045,371.14000000000044,3336
2026-06-17T18:30:00+00:00,371.14000000000044,372.2800000000005,370.39000000000044,372.14000000000044,5050
2026-06-17T18:45:00+00:00,372.14000000000044,372.15000000000043,369.7200000000005,370.02000000000044,4062
2026-06-17T19:00:00+00:00,370.02000000000044,370.64000000000044,369.62000000000046,370.40000000000043,4091
2026-06-17T19:15:00+00:00,370.40000000000043,370.5400000000005,367.93000000000046,368.0400000000005,3732
2026-06-17T19:30:00+00:00,368.0400000000005,369.18000000000046,367.70000000000044,368.88000000000045,4949
2026-06-17T19:45:00+00:00,368.88000000000045,370.4700000000005,368.51000000000045,369.86000000000047,5313
2026-06-18T13:30:00+00:00,369.86000000000047,373.40000000000043,365.01000000000045,365.01000000000045,6804
2026-06-18T13:45:00+00:00,365.01000000000045,366.74000000000046,364.1000000000005,365.8500000000005,5920
2026-06-18T14:00:00+00:00,365.8500000000005,369.42000000000047,365.77000000000044,368.25000000000045,6435
2026-06-18T14:15:00+00:00,368.25000000000045,369.18000000000046,367.15000000000043,367.27000000000044,4679
2026-06-18T14:30:00+00:00,367.27000000000044,368.7300000000005,367.1000000000005,368.49000000000046,3971
2026-06-18T14:45:00+00:00,368.49000000000046,369.65000000000043,368.33000000000044,368.92000000000047,4051.360302351624
2026-06-18T15:00:00+00:00,368.92000000000047,369.68000000000046,368.59000000000043,369.30000000000047,3556
2026-06-18T15:15:00+00:00,369.30000000000047,370.18000000000046,368.67000000000047,369.80000000000047,3680
2026-06-18T15:30:00+00:00,369.80000000000047,371.18000000000046,369.51000000000045,371.00000000000045,5678
2026-06-18T15:45:00+00:00,371.00000000000045,373.14000000000044,370.5300000000004,371.7900000000005,4931
2026-06-18T16:00:00+00:00,371.7900000000005,371.90000000000043,370.76000000000045,371.06000000000046,4777
2026-06-18T16:15:00+00:00,371.06000000000046,372.74000000000046,370.67000000000047,372.2300000000005,4933
2026-06-18T16:30:00+00:00,372.2300000000005,372.4100000000005,371.6000000000005,372.15000000000043,3636
2026-06-18T16:45:00+00:00,372.15000000000043,373.15000000000043,372.09000000000043,372.39000000000044,3964
2026-06-18T17:00:00+00:00,372.39000000000044,372.9100000000005,372.18000000000046,372.44000000000045,3791
2026-06-18T17:15:00+00:00,372.44000000000045,373.8500000000005,372.42000000000047,373.8500000000005,3386
2026-06-18T17:30:00+00:00,373.8500000000005,374.4800000000005,373.57000000000045,373.7300000000005,3380
2026-06-18T17:45:00+00:00,373.7300000000005,374.31000000000046,373.40000000000043,373.96000000000043,2563
2026-06-18T18:00:00+00:00,373.96000000000043,374.39000000000044,373.71000000000043,373.76000000000045,3663
2026-06-18T18:15:00+00:00,373.76000000000045,374.2800000000004,373.38000000000045,373.68000000000046,3457
2026-06-18T18:30:00+00:00,373.68000000000046,374.14000000000044,373.15000000000043,374.1000000000005,2951
2026-06-18T18:45:00+00:00,374.1000000000005,374.59000000000043,373.9800000000005,374.25000000000045,2095
2026-06-18T19:00:00+00:00,374.25000000000045,374.32000000000045,372.7800000000004,373.07000000000045,2767
2026-06-18T19:15:00+00:00,373.07000000000045,373.71000000000043,372.2200000000004,373.49000000000046,2634
2026-06-18T19:30:00+00:00,373.49000000000046,374.95000000000044,373.20000000000044,374.90000000000043,3568
2026-06-18T19:45:00+00:00,374.90000000000043,375.9100000000005,373.77000000000044,374.61000000000047,6442
2026-06-22T13:30:00+00:00,374.61000000000047,374.61000000000047,360.9100000000005,360.9700000000004,4903
2026-06-22T13:45:00+00:00,360.9700000000004,362.12000000000046,360.15000000000043,361.1600000000005,3640
2026-06-22T14:00:00+00:00,361.1600000000005,361.25000000000045,357.0300000000004,357.0400000000005,3709
2026-06-22T14:15:00+00:00,357.0400000000005,357.77000000000044,355.43000000000046,355.7800000000004,4131
2026-06-22T14:30:00+00:00,355.7800000000004,356.01000000000045,354.2800000000004,354.52000000000044,4004
2026-06-22T14:45:00+00:00,354.52000000000044,354.59000000000043,351.67000000000047,352.21000000000043,3838
2026-06-22T15:00:00+00:00,352.21000000000043,352.2200000000004,349.62000000000046,349.86000000000047,3640
2026-06-22T15:15:00+00:00,349.86000000000047,351.49000000000046,348.4800000000005,350.25000000000045,4251
2026-06-22T15:30:00+00:00,350.25000000000045,353.86000000000047,350.17000000000047,353.7900000000005,3717
2026-06-22T15:45:00+00:00,353.7900000000005,354.07000000000045,351.77000000000044,352.8500000000005,3004
2026-06-22T16:00:00+00:00,352.8500000000005,353.1600000000005,351.67000000000047,352.58000000000044,2741
2026-06-22T16:15:00+00:00,352.58000000000044,353.75000000000045,352.25000000000045,353.69000000000045,2320
2026-06-22T16:30:00+00:00,353.69000000000045,353.81000000000046,352.57000000000045,352.9800000000005,2298
2026-06-22T16:45:00+00:00,352.9800000000005,353.4100000000005,352.40000000000043,353.2300000000005,1758
2026-06-22T17:00:00+00:00,353.2300000000005,353.50000000000045,352.49000000000046,353.2200000000004,2206
2026-06-22T17:15:00+00:00,353.2200000000004,354.32000000000045,352.80000000000047,353.88000000000045,2959
2026-06-22T17:30:00+00:00,353.88000000000045,354.09000000000043,353.2300000000005,353.51000000000045,1867
2026-06-22T17:45:00+00:00,353.51000000000045,354.5400000000005,353.2800000000004,353.92000000000047,1779
2026-06-22T18:00:00+00:00,353.92000000000047,354.86000000000047,353.8500000000005,354.75000000000045,2509
2026-06-22T18:15:00+00:00,354.75000000000045,355.19000000000045,354.37000000000046,354.84000000000043,2240
2026-06-22T18:30:00+00:00,354.84000000000043,355.36000000000047,354.82000000000045,355.02000000000044,1756
2026-06-22T18:45:00+00:00,355.02000000000044,355.4100000000005,354.07000000000045,354.2200000000004,2139
2026-06-22T19:00:00+00:00,354.2200000000004,355.05000000000047,354.20000000000044,354.6000000000005,1723
2026-06-22T19:15:00+00:00,354.6000000000005,356.52000000000044,354.42000000000047,356.17000000000047,2840
2026-06-22T19:30:00+00:00,356.17000000000047,356.55000000000047,355.2200000000004,355.43000000000046,3407
2026-06-22T19:45:00+00:00,355.43000000000046,356.88000000000045,355.34000000000043,356.19000000000045,4967
2026-06-23T13:30:00+00:00,356.19000000000045,356.19000000000045,346.75000000000045,354.26000000000045,3720
2026-06-23T13:45:00+00:00,354.26000000000045,355.90000000000043,353.57000000000045,355.2900000000005,3752
2026-06-23T14:00:00+00:00,355.2900000000005,356.2200000000004,354.84000000000043,355.67000000000047,2802
2026-06-23T14:15:00+00:00,355.67000000000047,355.83000000000044,353.9800000000005,355.11000000000047,2563
2026-06-23T14:30:00+00:00,355.11000000000047,355.56000000000046,353.64000000000044,354.09000000000043,2568
2026-06-23T14:45:00+00:00,354.09000000000043,355.4100000000005,353.14000000000044,353.52000000000044,2660
2026-06-23T15:00:00+00:00,353.52000000000044,354.02000000000044,353.15000000000043,353.9800000000005,2445
2026-06-23T15:15:00+00:00,353.9800000000005,354.05000000000047,352.2300000000005,352.50000000000045,2612
2026-06-23T15:30:00+00:00,352.50000000000045,353.15000000000043,352.15000000000043,352.92000000000047,2433
2026-06-23T15:45:00+00:00,352.92000000000047,353.89000000000044,352.69000000000045,353.20000000000044,2316
2026-06-23T16:00:00+00:00,353.20000000000044,353.87000000000046,352.30000000000047,352.63000000000045,2015
2026-06-23T16:15:00+00:00,352.63000000000045,354.70000000000044,352.57000000000045,354.3500000000005,2523
2026-06-23T16:30:00+00:00,354.3500000000005,354.87000000000046,354.08000000000044,354.39000000000044,2771
2026-06-23T16:45:00+00:00,354.39000000000044,355.20000000000044,354.08000000000044,354.8500000000005,1697
2026-06-23T17:00:00+00:00,354.8500000000005,355.09000000000043,354.17000000000047,354.62000000000046,1907
2026-06-23T17:15:00+00:00,354.62000000000046,354.9800000000005,353.83000000000044,354.80000000000047,2428
2026-06-23T17:30:00+00:00,354.80000000000047,354.87000000000046,354.1600000000005,354.24000000000046,2373
2026-06-23T17:45:00+00:00,354.24000000000046,354.75000000000045,353.57000000000045,353.69000000000045,2420
2026-06-23T18:00:00+00:00,353.69000000000045,354.19000000000045,353.2200000000004,353.46000000000043,2295
2026-06-23T18:15:00+00:00,353.46000000000043,353.7300000000005,352.92000000000047,352.95000000000044,1768
2026-06-23T18:30:00+00:00,352.95000000000044,353.6600000000005,352.88000000000045,353.58000000000044,1994
2026-06-23T18:45:00+00:00,353.58000000000044,353.89000000000044,353.0300000000004,353.58000000000044,2428
2026-06-23T19:00:00+00:00,353.58000000000044,354.13000000000045,353.34000000000043,353.80000000000047,2347
2026-06-23T19:15:00+00:00,353.80000000000047,354.4100000000005,353.59000000000043,353.88000000000045,2601
2026-06-23T19:30:00+00:00,353.88000000000045,354.3500000000005,353.5300000000004,354.26000000000045,2404
2026-06-23T19:45:00+00:00,354.26000000000045,355.26000000000045,353.32000000000045,353.70000000000044,4411
2026-06-24T13:30:00+00:00,353.70000000000044,359.34000000000043,353.70000000000044,355.87000000000046,4121
2026-06-24T13:45:00+00:00,355.87000000000046,357.7800000000004,354.32000000000045,357.33000000000044,3908
2026-06-24T14:00:00+00:00,357.33000000000044,358.2900000000005,356.52000000000044,357.25000000000045,3341
2026-06-24T14:15:00+00:00,357.25000000000045,357.90000000000043,356.18000000000046,357.4100000000005,2845
2026-06-24T14:30:00+00:00,357.4100000000005,358.96000000000043,356.74000000000046,358.69000000000045,3515
2026-06-24T14:45:00+00:00,358.69000000000045,360.32000000000045,358.68000000000046,360.0700000000004,3223.157780806542
2026-06-24T15:00:00+00:00,360.0700000000004,360.22000000000037,357.66000000000037,357.73000000000036,3208
2026-06-24T15:15:00+00:00,357.73000000000036,358.10000000000036,357.2000000000004,357.67000000000036,3686
2026-06-24T15:30:00+00:00,357.67000000000036,358.00000000000034,356.3900000000004,357.2600000000004,2425
2026-06-24T15:45:00+00:00,357.2600000000004,357.8200000000004,356.7700000000004,356.8200000000004,2575
2026-06-24T16:00:00+00:00,356.8200000000004,357.73000000000036,356.6300000000004,357.49000000000035,2776
2026-06-24T16:15:00+00:00,357.49000000000035,357.6500000000004,356.30000000000035,356.54000000000036,3151
2026-06-24T16:30:00+00:00,356.54000000000036,356.66000000000037,355.04000000000036,355.49000000000035,3153
2026-06-24T16:45:00+00:00,355.49000000000035,356.2100000000004,355.2600000000004,356.12000000000035,2043
2026-06-24T17:00:00+00:00,356.12000000000035,356.5100000000004,355.5900000000004,356.24000000000035,2070
2026-06-24T17:15:00+00:00,356.24000000000035,356.5900000000004,355.3200000000004,355.66000000000037,3096
2026-06-24T17:30:00+00:00,355.66000000000037,356.04000000000036,355.1500000000004,355.3300000000004,2808
2026-06-24T17:45:00+00:00,355.3300000000004,356.36000000000035,355.1500000000004,356.10000000000036,2539
2026-06-24T18:00:00+00:00,356.10000000000036,356.5700000000004,355.35000000000036,355.50000000000034,2522
2026-06-24T18:15:00+00:00,355.50000000000034,355.7600000000004,351.25000000000034,352.0100000000004,3732
2026-06-24T18:30:00+00:00,352.0100000000004,352.75000000000034,349.99000000000035,350.79000000000036,3440
2026-06-24T18:45:00+00:00,350.79000000000036,351.30000000000035,349.4000000000004,350.11000000000035,2497
2026-06-24T19:00:00+00:00,350.11000000000035,351.28000000000037,349.11000000000035,351.12000000000035,2569
2026-06-24T19:15:00+00:00,351.12000000000035,352.0800000000004,350.74000000000035,351.4500000000004,2074
2026-06-24T19:30:00+00:00,351.4500000000004,352.03000000000037,350.7000000000004,351.48000000000036,2499
2026-06-24T19:45:00+00:00,351.48000000000036,352.75000000000034,350.7000000000004,352.62000000000035,4289
2026-06-25T13:30:00+00:00,352.62000000000035,352.62000000000035,343.49000000000035,344.2100000000004,5312
2026-06-25T13:45:00+00:00,344.2100000000004,346.6900000000004,344.2100000000004,346.56000000000034,5756
2026-06-25T14:00:00+00:00,346.56000000000034,349.0800000000004,346.10000000000036,347.2600000000004,4434
2026-06-25T14:15:00+00:00,347.2600000000004,348.0700000000004,346.31000000000034,347.72000000000037,3601
2026-06-25T14:30:00+00:00,347.72000000000037,350.1500000000004,347.29000000000036,349.9600000000004,3372
2026-06-25T14:45:00+00:00,349.9600000000004,350.29000000000036,348.6300000000004,348.78000000000037,3621
2026-06-25T15:00:00+00:00,348.78000000000037,349.2100000000004,346.68000000000035,346.9500000000004,3133
2026-06-25T15:15:00+00:00,346.9500000000004,348.8300000000004,346.53000000000037,348.0900000000004,3469
2026-06-25T15:30:00+00:00,348.0900000000004,349.0700000000004,348.03000000000037,348.31000000000034,3188
2026-06-25T15:45:00+00:00,348.31000000000034,349.0800000000004,348.10000000000036,348.4500000000004,3019
2026-06-25T16:00:00+00:00,348.4500000000004,349.29000000000036,348.03000000000037,349.10000000000036,2981
2026-06-25T16:15:00+00:00,349.10000000000036,349.49000000000035,347.9600000000004,348.0100000000004,2378
2026-06-25T16:30:00+00:00,348.0100000000004,348.43000000000035,347.48000000000036,348.35000000000036,2646
2026-06-25T16:45:00+00:00,348.35000000000036,348.6500000000004,347.79000000000036,348.30000000000035,3665
2026-06-25T17:00:00+00:00,348.30000000000035,348.8900000000004,347.61000000000035,347.7600000000004,3556
2026-06-25T17:15:00+00:00,347.7600000000004,348.2600000000004,346.61000000000035,347.24000000000035,3078
2026-06-25T17:30:00+00:00,347.24000000000035,347.47000000000037,346.10000000000036,346.23000000000036,2556
2026-06-25T17:45:00+00:00,346.23000000000036,347.7000000000004,345.62000000000035,347.55000000000035,2244
2026-06-25T18:00:00+00:00,347.55000000000035,348.0800000000004,346.10000000000036,347.80000000000035,2283
2026-06-25T18:15:00+00:00,347.80000000000035,348.7000000000004,347.6300000000004,348.41000000000037,2263
2026-06-25T18:30:00+00:00,348.41000000000037,348.4600000000004,347.48000000000036,347.62000000000035,2075
2026-06-25T18:45:00+00:00,347.62000000000035,348.85000000000036,347.43000000000035,348.1300000000004,2304
2026-06-25T19:00:00+00:00,348.1300000000004,348.3900000000004,347.30000000000035,348.2600000000004,2150
2026-06-25T19:15:00+00:00,348.2600000000004,349.31000000000034,348.00000000000034,349.2100000000004,2006
2026-06-25T19:30:00+00:00,349.2100000000004,349.30000000000035,347.3400000000004,347.7700000000004,2622
2026-06-25T19:45:00+00:00,347.7700000000004,350.7700000000004,347.11000000000035,349.31000000000034,4573
2026-06-26T13:30:00+00:00,349.31000000000034,349.31000000000034,342.91000000000037,343.41000000000037,4521
2026-06-26T13:45:00+00:00,343.41000000000037,343.73000000000036,341.7000000000004,343.5800000000004,3765
2026-06-26T14:00:00+00:00,343.5800000000004,344.75000000000034,342.9000000000004,344.54000000000036,3371
2026-06-26T14:15:00+00:00,344.54000000000036,345.36000000000035,343.47000000000037,344.10000000000036,2664
2026-06-26T14:30:00+00:00,344.10000000000036,345.81000000000034,343.91000000000037,345.5700000000004,2666
2026-06-26T14:45:00+00:00,345.5700000000004,346.31000000000034,345.37000000000035,346.1100000000003,2203.7611329535425
2026-06-26T15:00:00+00:00,346.1100000000003,346.9300000000003,345.8100000000003,346.7800000000003,1953
2026-06-26T15:15:00+00:00,346.7800000000003,348.8000000000003,346.5900000000003,348.57000000000033,2439
2026-06-26T15:30:00+00:00,348.57000000000033,349.6100000000003,347.5600000000003,349.3700000000003,2297
2026-06-26T15:45:00+00:00,349.3700000000003,351.0300000000003,349.0000000000003,350.3500000000003,2607
2026-06-26T16:00:00+00:00,350.3500000000003,351.5800000000003,349.6000000000003,349.7300000000003,2319
2026-06-26T16:15:00+00:00,349.7300000000003,350.0000000000003,348.5400000000003,348.63000000000034,2049
2026-06-26T16:30:00+00:00,348.63000000000034,349.3000000000003,346.5400000000003,346.6800000000003,2099
2026-06-26T16:45:00+00:00,346.6800000000003,348.3400000000003,346.5400000000003,348.0500000000003,2336
2026-06-26T17:00:00+00:00,348.0500000000003,348.7400000000003,347.3600000000003,347.82000000000033,2199
2026-06-26T17:15:00+00:00,347.82000000000033,348.6900000000003,347.5600000000003,348.2900000000003,2396
2026-06-26T17:30:00+00:00,348.2900000000003,348.5500000000003,346.8400000000003,347.3700000000003,2212
2026-06-26T17:45:00+00:00,347.3700000000003,348.6000000000003,347.2800000000003,347.88000000000034,1758
2026-06-26T18:00:00+00:00,347.88000000000034,348.4100000000003,347.6400000000003,347.8400000000003,2210
2026-06-26T18:15:00+00:00,347.8400000000003,348.0400000000003,347.07000000000033,347.3900000000003,1773
2026-06-26T18:30:00+00:00,347.3900000000003,348.20000000000033,346.95000000000033,348.0500000000003,2414
2026-06-26T18:45:00+00:00,348.0500000000003,349.1600000000003,347.5500000000003,348.70000000000033,2331
2026-06-26T19:00:00+00:00,348.70000000000033,349.6500000000003,348.5500000000003,349.1500000000003,2086
2026-06-26T19:15:00+00:00,349.1500000000003,349.70000000000033,348.5200000000003,348.57000000000033,2232
2026-06-26T19:30:00+00:00,348.57000000000033,349.5800000000003,348.5200000000003,348.9800000000003,2471
2026-06-26T19:45:00+00:00,348.9800000000003,349.6700000000003,341.2200000000003,342.2100000000003,5737
2026-06-29T13:30:00+00:00,342.2100000000003,353.9400000000003,342.2100000000003,351.6100000000003,3665
2026-06-29T13:45:00+00:00,351.6100000000003,353.8500000000003,351.5400000000003,353.26000000000033,4226
2026-06-29T14:00:00+00:00,353.26000000000033,354.7200000000003,351.8900000000003,352.6400000000003,4008
2026-06-29T14:15:00+00:00,352.6400000000003,355.51000000000033,352.2300000000003,354.4800000000003,3323
2026-06-29T14:30:00+00:00,354.4800000000003,357.2200000000003,353.5500000000003,355.1500000000003,3144
2026-06-29T14:45:00+00:00,355.1500000000003,355.8900000000003,353.7800000000003,355.8400000000003,3123
2026-06-29T15:00:00+00:00,355.8400000000003,356.9200000000003,355.5400000000003,355.76000000000033,2473
2026-06-29T15:15:00+00:00,355.76000000000033,357.2800000000003,355.6200000000003,356.8700000000003,2548
2026-06-29T15:30:00+00:00,356.8700000000003,357.9200000000003,356.0400000000003,357.8400000000003,2741
2026-06-29T15:45:00+00:00,357.8400000000003,358.4400000000003,356.7200000000003,358.2500000000003,2739
2026-06-29T16:00:00+00:00,358.2500000000003,358.4800000000003,357.8700000000003,358.1200000000003,2297
2026-06-29T16:15:00+00:00,358.1200000000003,358.5800000000003,357.4100000000003,357.51000000000033,1719
2026-06-29T16:30:00+00:00,357.51000000000033,357.9700000000003,356.1900000000003,356.5500000000003,1778
2026-06-29T16:45:00+00:00,356.5500000000003,357.8300000000003,356.51000000000033,357.1100000000003,1813
2026-06-29T17:00:00+00:00,357.1100000000003,358.4300000000003,357.0400000000003,358.2500000000003,1209
2026-06-29T17:15:00+00:00,358.2500000000003,358.3900000000003,357.8100000000003,358.0200000000003,1458
2026-06-29T17:30:00+00:00,358.0200000000003,359.2200000000003,358.0200000000003,358.9100000000003,1509
2026-06-29T17:45:00+00:00,358.9100000000003,359.07000000000033,358.3400000000003,358.9200000000003,1287
2026-06-29T18:00:00+00:00,358.9200000000003,359.1800000000003,358.3400000000003,358.4100000000003,1345
2026-06-29T18:15:00+00:00,358.4100000000003,358.5200000000003,357.6600000000003,358.3100000000003,1239
2026-06-29T18:30:00+00:00,358.3100000000003,358.9600000000003,358.13000000000034,358.6700000000003,1953
2026-06-29T18:45:00+00:00,358.6700000000003,358.9000000000003,357.7200000000003,357.8000000000003,1149
2026-06-29T19:00:00+00:00,357.8000000000003,358.4800000000003,357.6800000000003,358.1500000000003,1275
2026-06-29T19:15:00+00:00,358.1500000000003,358.45000000000033,357.1600000000003,357.2800000000003,1522
2026-06-29T19:30:00+00:00,357.2800000000003,359.3900000000003,357.2700000000003,359.2400000000003,1871
2026-06-29T19:45:00+00:00,359.2400000000003,359.5000000000003,357.9300000000003,358.5500000000003,3333
2026-06-30T13:30:00+00:00,358.5500000000003,359.70000000000033,355.7400000000003,356.4200000000003,2756
2026-06-30T13:45:00+00:00,356.4200000000003,358.13000000000034,356.20000000000033,356.9400000000003,3026
2026-06-30T14:00:00+00:00,356.9400000000003,358.4900000000003,355.63000000000034,357.5500000000003,2469
2026-06-30T14:15:00+00:00,357.5500000000003,358.9900000000003,357.3500000000003,358.2800000000003,1539
2026-06-30T14:30:00+00:00,358.2800000000003,360.0400000000003,358.1900000000003,359.1200000000003,1876
2026-06-30T14:45:00+00:00,359.1200000000003,360.3700000000003,358.3900000000003,359.5500000000003,1852
2026-06-30T15:00:00+00:00,359.5500000000003,360.0000000000003,358.82000000000033,359.5500000000003,1853
2026-06-30T15:15:00+00:00,359.5500000000003,361.57000000000033,359.1500000000003,361.3500000000003,1690
2026-06-30T15:30:00+00:00,361.3500000000003,361.4400000000003,360.3900000000003,360.95000000000033,1510
2026-06-30T15:45:00+00:00,360.95000000000033,361.8300000000003,360.5400000000003,361.6900000000003,1663
2026-06-30T16:00:00+00:00,361.6900000000003,362.1900000000003,361.2100000000003,361.5900000000003,1201
2026-06-30T16:15:00+00:00,361.5900000000003,362.6600000000003,361.5900000000003,361.9000000000003,1087
2026-06-30T16:30:00+00:00,361.9000000000003,362.7100000000003,361.8100000000003,362.1700000000003,1185
2026-06-30T16:45:00+00:00,362.1700000000003,362.8900000000003,361.7100000000003,362.0600000000003,1418
2026-06-30T17:00:00+00:00,362.0600000000003,362.2700000000003,361.1700000000003,361.6400000000003,1390
2026-06-30T17:15:00+00:00,361.6400000000003,362.0800000000003,360.2400000000003,360.2500000000003,1403
2026-06-30T17:30:00+00:00,360.2500000000003,360.7100000000003,359.88000000000034,360.4600000000003,1455
2026-06-30T17:45:00+00:00,360.4600000000003,360.8700000000003,360.0600000000003,360.6200000000003,1476
2026-06-30T18:00:00+00:00,360.6200000000003,361.0600000000003,360.0500000000003,360.6100000000003,1723
2026-06-30T18:15:00+00:00,360.6100000000003,361.38000000000034,360.5500000000003,361.2500000000003,1321
2026-06-30T18:30:00+00:00,361.2500000000003,361.5000000000003,360.1700000000003,360.3100000000003,1398
2026-06-30T18:45:00+00:00,360.3100000000003,361.1900000000003,360.0600000000003,360.9200000000003,1239
2026-06-30T19:00:00+00:00,360.9200000000003,361.5600000000003,360.7500000000003,361.32000000000033,1023
2026-06-30T19:15:00+00:00,361.32000000000033,361.6100000000003,360.9200000000003,361.4600000000003,1084
2026-06-30T19:30:00+00:00,361.4600000000003,362.26000000000033,361.4200000000003,361.8600000000003,1652
2026-06-30T19:45:00+00:00,361.8600000000003,362.0900000000003,360.26000000000033,360.6200000000003,3736
2026-07-01T13:30:00+00:00,360.6200000000003,366.3000000000003,360.6200000000003,362.9800000000003,6629
2026-07-01T13:45:00+00:00,362.9800000000003,364.0500000000003,360.5800000000003,362.4000000000003,6218
2026-07-01T14:00:00+00:00,362.4000000000003,363.9600000000003,361.7400000000003,362.9800000000003,5029
2026-07-01T14:15:00+00:00,362.9800000000003,364.3600000000003,362.5500000000003,364.2100000000003,3540
2026-07-01T14:30:00+00:00,364.2100000000003,366.9700000000003,364.1800000000003,365.9300000000003,4365
2026-07-01T14:45:00+00:00,365.9300000000003,366.3900000000003,365.11000000000024,365.11000000000024,4648.825419493038
2026-07-01T15:00:00+00:00,365.11000000000024,366.6000000000002,364.8800000000002,365.6000000000002,4315
2026-07-01T15:15:00+00:00,365.6000000000002,366.8400000000002,364.6400000000002,366.12000000000023,4514
2026-07-01T15:30:00+00:00,366.12000000000023,366.4700000000002,363.6900000000002,364.05000000000024,3791
2026-07-01T15:45:00+00:00,364.05000000000024,364.30000000000024,363.4700000000002,363.74000000000024,2782
2026-07-01T16:00:00+00:00,363.74000000000024,364.0000000000002,363.0000000000002,363.0200000000002,2950
2026-07-01T16:15:00+00:00,363.0200000000002,363.6300000000002,362.67000000000024,362.92000000000024,2335
2026-07-01T16:30:00+00:00,362.92000000000024,363.2100000000002,361.98000000000025,362.0100000000002,1742
2026-07-01T16:45:00+00:00,362.0100000000002,363.5100000000002,361.7700000000002,362.6500000000002,2163
2026-07-01T17:00:00+00:00,362.6500000000002,363.7200000000002,362.6400000000002,363.5800000000002,2806
2026-07-01T17:15:00+00:00,363.5800000000002,363.62000000000023,362.8900000000002,363.1500000000002,1768
2026-07-01T17:30:00+00:00,363.1500000000002,363.9600000000002,362.7700000000002,363.56000000000023,3211
2026-07-01T17:45:00+00:00,363.56000000000023,364.4500000000002,363.5000000000002,364.12000000000023,1918
2026-07-01T18:00:00+00:00,364.12000000000023,365.1300000000002,364.0900000000002,364.6300000000002,2711
2026-07-01T18:15:00+00:00,364.6300000000002,364.7800000000002,363.6300000000002,363.8400000000002,2381
2026-07-01T18:30:00+00:00,363.8400000000002,364.7600000000002,363.8400000000002,364.4000000000002,1929
2026-07-01T18:45:00+00:00,364.4000000000002,365.48000000000025,364.2100000000002,364.6500000000002,2205
2026-07-01T19:00:00+00:00,364.6500000000002,364.7800000000002,363.8400000000002,364.0400000000002,2609
2026-07-01T19:15:00+00:00,364.0400000000002,365.2200000000002,363.9600000000002,364.4500000000002,2571
2026-07-01T19:30:00+00:00,364.4500000000002,365.6600000000002,364.4000000000002,365.6600000000002,2324
2026-07-01T19:45:00+00:00,365.6600000000002,365.8300000000002,364.68000000000023,365.37000000000023,3721
2026-07-02T13:30:00+00:00,365.37000000000023,367.55000000000024,362.0700000000002,365.8200000000002,2880
2026-07-02T13:45:00+00:00,365.8200000000002,368.3200000000002,365.5300000000002,366.8300000000002,2949
2026-07-02T14:00:00+00:00,366.8300000000002,367.99000000000024,365.7600000000002,366.2700000000002,1952
2026-07-02T14:15:00+00:00,366.2700000000002,367.12000000000023,365.4400000000002,366.4100000000002,2065
2026-07-02T14:30:00+00:00,366.4100000000002,368.5700000000002,366.0900000000002,366.43000000000023,2288
2026-07-02T14:45:00+00:00,366.43000000000023,366.7800000000002,364.3500000000002,365.0200000000002,2457.569366689993
2026-07-02T15:00:00+00:00,365.0200000000002,365.1000000000002,362.0500000000002,362.89000000000016,2661
2026-07-02T15:15:00+00:00,362.89000000000016,363.5500000000002,361.1800000000002,361.44000000000017,2668
2026-07-02T15:30:00+00:00,361.44000000000017,362.4200000000002,360.0200000000002,360.0600000000002,1982
2026-07-02T15:45:00+00:00,360.0600000000002,360.8700000000002,359.70000000000016,360.3400000000002,2481
2026-07-02T16:00:00+00:00,360.3400000000002,360.45000000000016,358.6100000000002,359.33000000000015,2215
2026-07-02T16:15:00+00:00,359.33000000000015,360.6700000000002,359.1600000000002,359.6700000000002,1795
2026-07-02T16:30:00+00:00,359.6700000000002,360.1200000000002,359.19000000000017,359.88000000000017,2177
2026-07-02T16:45:00+00:00,359.88000000000017,359.89000000000016,358.0500000000002,358.08000000000015,1822
2026-07-02T17:00:00+00:00,358.08000000000015,359.4000000000002,357.9600000000002,359.1700000000002,1940
2026-07-02T17:15:00+00:00,359.1700000000002,359.7100000000002,358.9100000000002,359.5300000000002,1517
2026-07-02T17:30:00+00:00,359.5300000000002,361.44000000000017,359.2900000000002,361.0900000000002,1559
2026-07-02T17:45:00+00:00,361.0900000000002,361.6100000000002,360.64000000000016,360.9300000000002,1460
2026-07-02T18:00:00+00:00,360.9300000000002,362.64000000000016,360.8100000000002,362.4800000000002,1416
2026-07-02T18:15:00+00:00,362.4800000000002,362.9000000000002,362.2400000000002,362.6200000000002,1660
2026-07-02T18:30:00+00:00,362.6200000000002,363.0900000000002,362.4800000000002,362.7400000000002,1323
2026-07-02T18:45:00+00:00,362.7400000000002,363.3500000000002,361.9100000000002,362.4100000000002,1428
2026-07-02T19:00:00+00:00,362.4100000000002,363.8000000000002,362.2800000000002,363.20000000000016,1700
2026-07-02T19:15:00+00:00,363.20000000000016,363.9300000000002,362.9100000000002,363.13000000000017,1789
2026-07-02T19:30:00+00:00,363.13000000000017,363.6200000000002,363.0300000000002,363.33000000000015,1810
2026-07-02T19:45:00+00:00,363.33000000000015,364.4800000000002,362.7200000000002,363.4900000000002,3744
2026-07-06T13:30:00+00:00,363.4900000000002,368.0300000000002,363.0900000000002,364.19000000000017,3154
2026-07-06T13:45:00+00:00,364.19000000000017,364.7900000000002,361.8700000000002,361.9100000000002,3158
2026-07-06T14:00:00+00:00,361.9100000000002,364.1500000000002,361.8000000000002,364.0900000000002,2583
2026-07-06T14:15:00+00:00,364.0900000000002,365.6600000000002,362.9700000000002,365.4600000000002,2193
2026-07-06T14:30:00+00:00,365.4600000000002,366.3700000000002,365.2200000000002,365.8500000000002,1972
2026-07-06T14:45:00+00:00,365.8500000000002,366.7900000000002,365.58000000000015,366.2300000000002,2087
2026-07-06T15:00:00+00:00,366.2300000000002,367.1700000000002,365.51000000000016,366.9200000000002,1881
2026-07-06T15:15:00+00:00,366.9200000000002,367.75000000000017,366.82000000000016,367.3100000000002,1839
2026-07-06T15:30:00+00:00,367.3100000000002,368.2400000000002,367.2100000000002,368.13000000000017,1856
2026-07-06T15:45:00+00:00,368.13000000000017,368.6800000000002,367.9000000000002,368.4600000000002,1665
2026-07-06T16:00:00+00:00,368.4600000000002,369.70000000000016,368.26000000000016,369.4800000000002,1942
2026-07-06T16:15:00+00:00,369.4800000000002,370.1700000000002,368.6100000000002,368.64000000000016,2077
2026-07-06T16:30:00+00:00,368.64000000000016,369.3600000000002,368.6200000000002,369.0200000000002,1596
2026-07-06T16:45:00+00:00,369.0200000000002,369.4300000000002,368.5600000000002,368.69000000000017,1193
2026-07-06T17:00:00+00:00,368.69000000000017,369.9100000000002,368.6100000000002,369.5600000000002,1195
2026-07-06T17:15:00+00:00,369.5600000000002,369.82000000000016,368.8500000000002,369.75000000000017,1141
2026-07-06T17:30:00+00:00,369.75000000000017,370.3000000000002,369.19000000000017,369.44000000000017,1644
2026-07-06T17:45:00+00:00,369.44000000000017,369.6500000000002,368.6800000000002,369.33000000000015,1333
2026-07-06T18:00:00+00:00,369.33000000000015,369.64000000000016,369.01000000000016,369.3600000000002,1297
2026-07-06T18:15:00+00:00,369.3600000000002,369.89000000000016,368.9900000000002,369.6100000000002,1694
2026-07-06T18:30:00+00:00,369.6100000000002,370.7300000000002,369.57000000000016,370.3400000000002,2225
2026-07-06T18:45:00+00:00,370.3400000000002,371.83000000000015,370.2700000000002,371.7900000000002,1417
2026-07-06T19:00:00+00:00,371.7900000000002,372.5600000000002,371.6800000000002,372.13000000000017,1555
2026-07-06T19:15:00+00:00,372.13000000000017,372.88000000000017,371.9200000000002,372.8100000000002,1567
2026-07-06T19:30:00+00:00,372.8100000000002,373.2700000000002,372.63000000000017,372.8100000000002,2092
2026-07-06T19:45:00+00:00,372.8100000000002,373.33000000000015,371.5500000000002,372.6000000000002,4437
2026-07-07T13:30:00+00:00,372.6000000000002,377.6000000000002,371.9600000000002,377.1800000000002,4615
2026-07-07T13:45:00+00:00,377.1800000000002,378.5200000000002,375.6800000000002,376.5600000000002,3955
2026-07-07T14:00:00+00:00,376.5600000000002,377.4600000000002,375.5300000000002,377.2400000000002,3232
2026-07-07T14:15:00+00:00,377.2400000000002,377.3000000000002,375.3100000000002,375.9800000000002,3147
2026-07-07T14:30:00+00:00,375.9800000000002,376.13000000000017,373.7100000000002,374.13000000000017,3221
2026-07-07T14:45:00+00:00,374.13000000000017,374.4700000000002,372.1500000000002,372.4800000000002,2373
2026-07-07T15:00:00+00:00,372.4800000000002,373.01000000000016,372.0400000000002,372.6800000000002,2080
2026-07-07T15:15:00+00:00,372.6800000000002,374.07000000000016,372.3400000000002,374.0200000000002,1863
2026-07-07T15:30:00+00:00,374.0200000000002,374.4000000000002,372.94000000000017,373.5500000000002,1618
2026-07-07T15:45:00+00:00,373.5500000000002,374.1000000000002,373.3700000000002,373.7200000000002,1312
2026-07-07T16:00:00+00:00,373.7200000000002,373.9300000000002,372.6800000000002,372.94000000000017,1526
2026-07-07T16:15:00+00:00,372.94000000000017,373.70000000000016,372.83000000000015,372.9700000000002,1329
2026-07-07T16:30:00+00:00,372.9700000000002,374.0600000000002,372.9200000000002,373.8500000000002,1215
2026-07-07T16:45:00+00:00,373.8500000000002,374.63000000000017,373.6800000000002,373.9700000000002,1281
2026-07-07T17:00:00+00:00,373.9700000000002,374.1000000000002,373.6800000000002,374.0600000000002,1539
2026-07-07T17:15:00+00:00,374.0600000000002,374.7900000000002,373.6800000000002,374.3100000000002,1198
2026-07-07T17:30:00+00:00,374.3100000000002,374.4100000000002,373.7200000000002,374.1200000000002,1166
2026-07-07T17:45:00+00:00,374.1200000000002,374.5200000000002,373.7100000000002,374.5200000000002,913
2026-07-07T18:00:00+00:00,374.5200000000002,374.94000000000017,373.7300000000002,373.8000000000002,1824
2026-07-07T18:15:00+00:00,373.8000000000002,374.2800000000002,373.4700000000002,373.7400000000002,1616
2026-07-07T18:30:00+00:00,373.7400000000002,373.9300000000002,372.88000000000017,373.7200000000002,2264
2026-07-07T18:45:00+00:00,373.7200000000002,374.0900000000002,372.88000000000017,373.0500000000002,1766
2026-07-07T19:00:00+00:00,373.0500000000002,373.3600000000002,372.5300000000002,373.1800000000002,1767
2026-07-07T19:15:00+00:00,373.1800000000002,373.39000000000016,372.4900000000002,372.57000000000016,1782
2026-07-07T19:30:00+00:00,372.57000000000016,372.7200000000002,370.0500000000002,370.4100000000002,1660
2026-07-07T19:45:00+00:00,370.4100000000002,372.4600000000002,370.2400000000002,371.1500000000002,2983
2026-07-08T13:30:00+00:00,371.1500000000002,372.38000000000017,367.3600000000002,369.38000000000017,3649
2026-07-08T13:45:00+00:00,369.38000000000017,369.9000000000002,367.2800000000002,367.3700000000002,5127
2026-07-08T14:00:00+00:00,367.3700000000002,368.0600000000002,366.5300000000002,367.25000000000017,5372
2026-07-08T14:15:00+00:00,367.25000000000017,367.63000000000017,366.6800000000002,366.69000000000017,3418
2026-07-08T14:30:00+00:00,366.69000000000017,367.1000000000002,365.6700000000002,366.0500000000002,5332
2026-07-08T14:45:00+00:00,366.0500000000002,367.1000000000002,365.9300000000002,366.33000000000015,3815.2024454148473
2026-07-08T15:00:00+00:00,366.33000000000015,366.6800000000002,365.90000000000015,366.4900000000002,3506
2026-07-08T15:15:00+00:00,366.4900000000002,367.0500000000002,365.45000000000016,365.95000000000016,4014
2026-07-08T15:30:00+00:00,365.95000000000016,366.19000000000017,365.00000000000017,365.9300000000002,3699
2026-07-08T15:45:00+00:00,365.9300000000002,366.2200000000002,364.69000000000017,365.1100000000002,3012
2026-07-08T16:00:00+00:00,365.1100000000002,365.9200000000002,365.02000000000015,365.64000000000016,2587
2026-07-08T16:15:00+00:00,365.64000000000016,366.3100000000002,365.5600000000002,365.8000000000002,2370
2026-07-08T16:30:00+00:00,365.8000000000002,366.4200000000002,365.5500000000002,365.9200000000002,3453
2026-07-08T16:45:00+00:00,365.9200000000002,366.19000000000017,365.58000000000015,365.7300000000002,2985
2026-07-08T17:00:00+00:00,365.7300000000002,365.7900000000002,365.1800000000002,365.2900000000002,2205
2026-07-08T17:15:00+00:00,365.2900000000002,365.8700000000002,365.25000000000017,365.8100000000002,1594
2026-07-08T17:30:00+00:00,365.8100000000002,365.8400000000002,364.26000000000016,364.40000000000015,1979
2026-07-08T17:45:00+00:00,364.40000000000015,364.7200000000002,363.2800000000002,363.32000000000016,1876
2026-07-08T18:00:00+00:00,363.32000000000016,364.1700000000002,363.2800000000002,363.4900000000002,2216
2026-07-08T18:15:00+00:00,363.4900000000002,363.57000000000016,362.8500000000002,362.95000000000016,1745
2026-07-08T18:30:00+00:00,362.95000000000016,363.2300000000002,362.38000000000017,363.1600000000002,2071
2026-07-08T18:45:00+00:00,363.1600000000002,363.6100000000002,362.94000000000017,363.39000000000016,1494
2026-07-08T19:00:00+00:00,363.39000000000016,363.8000000000002,362.8000000000002,362.82000000000016,1773
2026-07-08T19:15:00+00:00,362.82000000000016,363.64000000000016,362.57000000000016,363.44000000000017,1856
2026-07-08T19:30:00+00:00,363.44000000000017,364.4100000000002,363.3500000000002,364.2300000000002,2097
2026-07-08T19:45:00+00:00,364.2300000000002,367.52000000000015,363.82000000000016,366.1800000000002,4096
2026-07-09T13:30:00+00:00,366.1800000000002,366.1800000000002,357.94000000000017,362.5600000000002,4855
2026-07-09T13:45:00+00:00,362.5600000000002,362.5900000000002,360.8100000000002,361.4300000000002,2864
2026-07-09T14:00:00+00:00,361.4300000000002,362.1100000000002,357.1200000000002,358.4300000000002,3847
2026-07-09T14:15:00+00:00,358.4300000000002,358.6600000000002,356.3500000000002,358.6600000000002,2656
2026-07-09T14:30:00+00:00,358.6600000000002,359.88000000000017,357.75000000000017,357.8400000000002,2435
2026-07-09T14:45:00+00:00,357.8400000000002,358.58000000000015,357.50000000000017,358.3600000000002,3406
2026-07-09T15:00:00+00:00,358.3600000000002,359.1000000000002,357.7200000000002,357.9700000000002,2287
2026-07-09T15:15:00+00:00,357.9700000000002,359.1600000000002,357.75000000000017,358.9300000000002,2879
2026-07-09T15:30:00+00:00,358.9300000000002,359.1700000000002,358.19000000000017,358.3400000000002,1892
2026-07-09T15:45:00+00:00,358.3400000000002,358.4200000000002,357.50000000000017,358.0400000000002,1659
2026-07-09T16:00:00+00:00,358.0400000000002,359.2800000000002,357.8100000000002,358.5500000000002,2136
2026-07-09T16:15:00+00:00,358.5500000000002,359.77000000000015,357.9900000000002,359.4700000000002,1925
2026-07-09T16:30:00+00:00,359.4700000000002,360.3500000000002,359.27000000000015,360.26000000000016,1622
2026-07-09T16:45:00+00:00,360.26000000000016,360.33000000000015,359.65000000000015,360.1100000000002,1555
2026-07-09T17:00:00+00:00,360.1100000000002,360.4700000000002,359.65000000000015,359.7200000000002,1888
2026-07-09T17:15:00+00:00,359.7200000000002,360.4800000000002,359.7200000000002,360.3000000000002,1504
2026-07-09T17:30:00+00:00,360.3000000000002,360.63000000000017,359.9900000000002,360.2300000000002,1703
2026-07-09T17:45:00+00:00,360.2300000000002,360.8000000000002,360.0600000000002,360.6000000000002,1527
2026-07-09T18:00:00+00:00,360.6000000000002,361.9300000000002,360.58000000000015,361.5300000000002,1853
2026-07-09T18:15:00+00:00,361.5300000000002,361.9700000000002,361.2900000000002,361.4200000000002,1813
2026-07-09T18:30:00+00:00,361.4200000000002,361.77000000000015,361.2800000000002,361.69000000000017,1876
2026-07-09T18:45:00+00:00,361.69000000000017,361.88000000000017,360.95000000000016,361.6800000000002,1467
2026-07-09T19:00:00+00:00,361.6800000000002,362.5300000000002,361.46000000000015,362.4200000000002,1251
2026-07-09T19:15:00+00:00,362.4200000000002,362.9900000000002,361.82000000000016,362.7200000000002,1468
2026-07-09T19:30:00+00:00,362.7200000000002,363.4100000000002,362.7200000000002,362.95000000000016,1349
2026-07-09T19:45:00+00:00,362.95000000000016,364.39000000000016,362.88000000000017,364.13000000000017,3518
2026-07-10T13:30:00+00:00,364.13000000000017,364.13000000000017,359.71000000000015,361.46000000000015,3643
2026-07-10T13:45:00+00:00,361.46000000000015,362.6200000000002,360.94000000000017,361.9700000000002,2735
2026-07-10T14:00:00+00:00,361.9700000000002,362.76000000000016,360.0300000000002,360.6700000000002,2818
2026-07-10T14:15:00+00:00,360.6700000000002,361.51000000000016,360.3000000000002,361.01000000000016,2678
2026-07-10T14:30:00+00:00,361.01000000000016,361.2400000000002,359.00000000000017,360.0500000000002,2792
2026-07-10T14:45:00+00:00,360.0500000000002,360.0600000000002,358.65000000000015,358.79000000000013,2073.004379264691
2026-07-10T15:00:00+00:00,358.79000000000013,359.5600000000001,358.4500000000001,359.28000000000014,1791
2026-07-10T15:15:00+00:00,359.28000000000014,359.91000000000014,359.2100000000001,359.78000000000014,1547
2026-07-10T15:30:00+00:00,359.78000000000014,360.2500000000001,359.4600000000001,359.7500000000001,1717
2026-07-10T15:45:00+00:00,359.7500000000001,360.91000000000014,359.2600000000001,360.3200000000001,1806
2026-07-10T16:00:00+00:00,360.3200000000001,360.8600000000001,360.0000000000001,360.6500000000001,1273
2026-07-10T16:15:00+00:00,360.6500000000001,360.91000000000014,360.5200000000001,360.72000000000014,1154
2026-07-10T16:30:00+00:00,360.72000000000014,361.59000000000015,360.60000000000014,361.3900000000001,1490
2026-07-10T16:45:00+00:00,361.3900000000001,361.5500000000001,360.7000000000001,360.8600000000001,1584
2026-07-10T17:00:00+00:00,360.8600000000001,360.8800000000001,360.1500000000001,360.3300000000001,1229
2026-07-10T17:15:00+00:00,360.3300000000001,360.54000000000013,359.85000000000014,359.91000000000014,949
2026-07-10T17:30:00+00:00,359.91000000000014,360.0200000000001,359.3000000000001,359.3000000000001,1008
2026-07-10T17:45:00+00:00,359.3000000000001,360.53000000000014,359.3000000000001,360.3700000000001,1339
2026-07-10T18:00:00+00:00,360.3700000000001,360.98000000000013,360.16000000000014,360.92000000000013,1458
2026-07-10T18:15:00+00:00,360.92000000000013,361.2500000000001,360.7500000000001,361.2000000000001,916
2026-07-10T18:30:00+00:00,361.2000000000001,361.5100000000001,360.92000000000013,361.35000000000014,1319
2026-07-10T18:45:00+00:00,361.35000000000014,361.4900000000001,360.85000000000014,361.09000000000015,865
2026-07-10T19:00:00+00:00,361.09000000000015,361.67000000000013,361.0800000000001,361.4900000000001,921
2026-07-10T19:15:00+00:00,361.4900000000001,362.1500000000001,361.4500000000001,361.9500000000001,1246
2026-07-10T19:30:00+00:00,361.9500000000001,362.2400000000001,361.7500000000001,362.10000000000014,1606
2026-07-10T19:45:00+00:00,362.10000000000014,363.1900000000001,361.98000000000013,362.7500000000001,2367
2026-07-13T13:30:00+00:00,362.7500000000001,362.78000000000014,359.7500000000001,362.73000000000013,3270
2026-07-13T13:45:00+00:00,362.73000000000013,363.3700000000001,359.79000000000013,362.17000000000013,3952
2026-07-13T14:00:00+00:00,362.17000000000013,362.29000000000013,360.2600000000001,361.0100000000001,1864
2026-07-13T14:15:00+00:00,361.0100000000001,361.1500000000001,359.3800000000001,360.8000000000001,2148
2026-07-13T14:30:00+00:00,360.8000000000001,360.84000000000015,359.54000000000013,359.79000000000013,2230
2026-07-13T14:45:00+00:00,359.79000000000013,360.8800000000001,359.66000000000014,360.54000000000013,2245
2026-07-13T15:00:00+00:00,360.54000000000013,361.47000000000014,360.2600000000001,360.3900000000001,1705
2026-07-13T15:15:00+00:00,360.3900000000001,360.59000000000015,359.9000000000001,360.3100000000001,1581
2026-07-13T15:30:00+00:00,360.3100000000001,360.5800000000001,359.7700000000001,359.9300000000001,1575
2026-07-13T15:45:00+00:00,359.9300000000001,360.59000000000015,359.92000000000013,360.5500000000001,1589
2026-07-13T16:00:00+00:00,360.5500000000001,360.8900000000001,360.35000000000014,360.8700000000001,1594
2026-07-13T16:15:00+00:00,360.8700000000001,361.2000000000001,360.6800000000001,361.1800000000001,1745
2026-07-13T16:30:00+00:00,361.1800000000001,361.6100000000001,360.6400000000001,361.48000000000013,2505
2026-07-13T16:45:00+00:00,361.48000000000013,361.91000000000014,360.10000000000014,360.6100000000001,2098
2026-07-13T17:00:00+00:00,360.6100000000001,361.2700000000001,360.47000000000014,361.10000000000014,1718
2026-07-13T17:15:00+00:00,361.10000000000014,361.7500000000001,360.7600000000001,361.0600000000001,1612
2026-07-13T17:30:00+00:00,361.0600000000001,361.1800000000001,360.2500000000001,360.97000000000014,1992
2026-07-13T17:45:00+00:00,360.97000000000014,361.1300000000001,360.41000000000014,360.5000000000001,1594
2026-07-13T18:00:00+00:00,360.5000000000001,361.3300000000001,360.2500000000001,361.2100000000001,1495
2026-07-13T18:15:00+00:00,361.2100000000001,361.3100000000001,360.6100000000001,360.85000000000014,1609
2026-07-13T18:30:00+00:00,360.85000000000014,360.8600000000001,360.2500000000001,360.4600000000001,1998
2026-07-13T18:45:00+00:00,360.4600000000001,360.5800000000001,359.97000000000014,360.0000000000001,1359
2026-07-13T19:00:00+00:00,360.0000000000001,360.5800000000001,359.7500000000001,359.9600000000001,1479
2026-07-13T19:15:00+00:00,359.9600000000001,360.0000000000001,359.0800000000001,359.3300000000001,1596
2026-07-13T19:30:00+00:00,359.3300000000001,359.3300000000001,357.9600000000001,358.2700000000001,1708
2026-07-13T19:45:00+00:00,358.2700000000001,358.6900000000001,357.53000000000014,358.66000000000014,3765
2026-07-14T13:30:00+00:00,358.66000000000014,359.7000000000001,354.9600000000001,359.1500000000001,3675
2026-07-14T13:45:00+00:00,359.1500000000001,360.35000000000014,357.79000000000013,359.3100000000001,4452
2026-07-14T14:00:00+00:00,359.3100000000001,360.0700000000001,358.53000000000014,360.0100000000001,4087
2026-07-14T14:15:00+00:00,360.0100000000001,361.8100000000001,359.1300000000001,361.47000000000014,3793
2026-07-14T14:30:00+00:00,361.47000000000014,362.97000000000014,361.2600000000001,362.3700000000001,3159
2026-07-14T14:45:00+00:00,362.3700000000001,362.72000000000014,361.78000000000014,362.41000000000014,2211
2026-07-14T15:00:00+00:00,362.41000000000014,363.6800000000001,362.41000000000014,363.4900000000001,2647
2026-07-14T15:15:00+00:00,363.4900000000001,363.6900000000001,362.78000000000014,363.3900000000001,2229
2026-07-14T15:30:00+00:00,363.3900000000001,363.8200000000001,361.0500000000001,361.7600000000001,2697
2026-07-14T15:45:00+00:00,361.7600000000001,362.0500000000001,361.35000000000014,361.4300000000001,2055
2026-07-14T16:00:00+00:00,361.4300000000001,361.5700000000001,360.6300000000001,361.3800000000001,1863
2026-07-14T16:15:00+00:00,361.3800000000001,361.41000000000014,360.6200000000001,361.0100000000001,2094
2026-07-14T16:30:00+00:00,361.0100000000001,361.60000000000014,360.0100000000001,361.4500000000001,2014
2026-07-14T16:45:00+00:00,361.4500000000001,361.8100000000001,361.1200000000001,361.6200000000001,1281
2026-07-14T17:00:00+00:00,361.6200000000001,362.5700000000001,361.5200000000001,362.42000000000013,1500
2026-07-14T17:15:00+00:00,362.42000000000013,363.8700000000001,362.1200000000001,363.78000000000014,1681
2026-07-14T17:30:00+00:00,363.78000000000014,364.42000000000013,363.3600000000001,363.6100000000001,1662
2026-07-14T17:45:00+00:00,363.6100000000001,363.8000000000001,363.0000000000001,363.0800000000001,1562
2026-07-14T18:00:00+00:00,363.0800000000001,363.1800000000001,362.3700000000001,362.6100000000001,1548
2026-07-14T18:15:00+00:00,362.6100000000001,363.48000000000013,362.5000000000001,362.8200000000001,1295
2026-07-14T18:30:00+00:00,362.8200000000001,363.1900000000001,362.2500000000001,362.8200000000001,2075
2026-07-14T18:45:00+00:00,362.8200000000001,363.7400000000001,362.8000000000001,363.7000000000001,1169
2026-07-14T19:00:00+00:00,363.7000000000001,364.8600000000001,363.6800000000001,364.53000000000014,1548
2026-07-14T19:15:00+00:00,364.53000000000014,365.0500000000001,364.1500000000001,364.9600000000001,1500
2026-07-14T19:30:00+00:00,364.9600000000001,365.3300000000001,364.3300000000001,364.9600000000001,2267
2026-07-14T19:45:00+00:00,364.9600000000001,365.53000000000014,364.5100000000001,365.2100000000001,3400
2026-07-15T13:30:00+00:00,365.2100000000001,369.92000000000013,362.7500000000001,369.5500000000001,3604
2026-07-15T13:45:00+00:00,369.5500000000001,370.0800000000001,368.1300000000001,369.5000000000001,3769
2026-07-15T14:00:00+00:00,369.5000000000001,371.9900000000001,369.41000000000014,371.04000000000013,3401
2026-07-15T14:15:00+00:00,371.04000000000013,372.6400000000001,370.04000000000013,371.98000000000013,4070
2026-07-15T14:30:00+00:00,371.98000000000013,374.9300000000001,371.8000000000001,372.9900000000001,4041
2026-07-15T14:45:00+00:00,372.9900000000001,373.8700000000001,372.6400000000001,373.0000000000001,3250.2876326415626
2026-07-15T15:00:00+00:00,373.0000000000001,375.8900000000001,372.8500000000001,375.6900000000001,3314
2026-07-15T15:15:00+00:00,375.6900000000001,377.2400000000001,374.9900000000001,377.0100000000001,2953
2026-07-15T15:30:00+00:00,377.0100000000001,378.3100000000001,376.8000000000001,377.48000000000013,2893
2026-07-15T15:45:00+00:00,377.48000000000013,378.5300000000001,376.4100000000001,377.7200000000001,2825
2026-07-15T16:00:00+00:00,377.7200000000001,379.2800000000001,377.1800000000001,378.6500000000001,3056
2026-07-15T16:15:00+00:00,378.6500000000001,379.7700000000001,378.1000000000001,378.9000000000001,3281
2026-07-15T16:30:00+00:00,378.9000000000001,379.2700000000001,378.23000000000013,378.5100000000001,3111
2026-07-15T16:45:00+00:00,378.5100000000001,378.6300000000001,377.3400000000001,378.5200000000001,2525
2026-07-15T17:00:00+00:00,378.5200000000001,378.92000000000013,377.5900000000001,377.7200000000001,2161
2026-07-15T17:15:00+00:00,377.7200000000001,377.8200000000001,376.5100000000001,377.2200000000001,1907
2026-07-15T17:30:00+00:00,377.2200000000001,377.2500000000001,376.1300000000001,377.0800000000001,2312
2026-07-15T17:45:00+00:00,377.0800000000001,378.6600000000001,376.7000000000001,378.5600000000001,2171
2026-07-15T18:00:00+00:00,378.5600000000001,378.7800000000001,378.0000000000001,378.7700000000001,1791
2026-07-15T18:15:00+00:00,378.7700000000001,379.79000000000013,378.6400000000001,378.67000000000013,1486
2026-07-15T18:30:00+00:00,378.67000000000013,379.0800000000001,378.3500000000001,378.4900000000001,1710
2026-07-15T18:45:00+00:00,378.4900000000001,378.5600000000001,376.8000000000001,376.92000000000013,2078
2026-07-15T19:00:00+00:00,376.92000000000013,377.4700000000001,376.5800000000001,376.8800000000001,2276
2026-07-15T19:15:00+00:00,376.8800000000001,377.5100000000001,376.5300000000001,376.8700000000001,2052
2026-07-15T19:30:00+00:00,376.8700000000001,377.73000000000013,376.1300000000001,377.42000000000013,2092
2026-07-15T19:45:00+00:00,377.42000000000013,378.2500000000001,375.79000000000013,377.9700000000001,4005
2026-07-16T13:30:00+00:00,377.9700000000001,381.9500000000001,375.98000000000013,376.5900000000001,4417
2026-07-16T13:45:00+00:00,376.5900000000001,378.4600000000001,376.3900000000001,377.5300000000001,3773
2026-07-16T14:00:00+00:00,377.5300000000001,378.0700000000001,376.3900000000001,377.48000000000013,3435
2026-07-16T14:15:00+00:00,377.48000000000013,380.04000000000013,377.4600000000001,379.9000000000001,3106
2026-07-16T14:30:00+00:00,379.9000000000001,381.7600000000001,379.9000000000001,380.5100000000001,3732
2026-07-16T14:45:00+00:00,380.5100000000001,380.6500000000001,378.4100000000001,379.8900000000001,3519
2026-07-16T15:00:00+00:00,379.8900000000001,380.2600000000001,378.5100000000001,378.8800000000001,2773
2026-07-16T15:15:00+00:00,378.8800000000001,379.6000000000001,378.5900000000001,378.67000000000013,2568
2026-07-16T15:30:00+00:00,378.67000000000013,379.3400000000001,378.2000000000001,378.92000000000013,2167
2026-07-16T15:45:00+00:00,378.92000000000013,380.0700000000001,378.2600000000001,378.42000000000013,3143
2026-07-16T16:00:00+00:00,378.42000000000013,378.54000000000013,376.9900000000001,378.1600000000001,3350
2026-07-16T16:15:00+00:00,378.1600000000001,378.7500000000001,377.3400000000001,378.4600000000001,3360
2026-07-16T16:30:00+00:00,378.4600000000001,378.8400000000001,378.0800000000001,378.2600000000001,2511
2026-07-16T16:45:00+00:00,378.2600000000001,379.3500000000001,378.2600000000001,378.8300000000001,2599
2026-07-16T17:00:00+00:00,378.8300000000001,378.9000000000001,377.8900000000001,378.04000000000013,2081
2026-07-16T17:15:00+00:00,378.04000000000013,378.8700000000001,377.9700000000001,378.8100000000001,1959
2026-07-16T17:30:00+00:00,378.8100000000001,379.1500000000001,378.1200000000001,378.6500000000001,1896
2026-07-16T17:45:00+00:00,378.6500000000001,379.2200000000001,378.5500000000001,378.5500000000001,2266
2026-07-16T18:00:00+00:00,378.5500000000001,378.6300000000001,368.3600000000001,371.2200000000001,6017
2026-07-16T18:15:00+00:00,371.2200000000001,372.9300000000001,366.3600000000001,368.42000000000013,6171
2026-07-16T18:30:00+00:00,368.42000000000013,369.1000000000001,365.5000000000001,366.48000000000013,5139
2026-07-16T18:45:00+00:00,366.48000000000013,367.6300000000001,363.6000000000001,363.6300000000001,3321
2026-07-16T19:00:00+00:00,363.6300000000001,364.1800000000001,360.7600000000001,361.1000000000001,4497
2026-07-16T19:15:00+00:00,361.1000000000001,361.9000000000001,359.3100000000001,361.2500000000001,5431
2026-07-16T19:30:00+00:00,361.2500000000001,362.2800000000001,360.4400000000001,360.4600000000001,4620
2026-07-16T19:45:00+00:00,360.4600000000001,362.1100000000001,360.3000000000001,361.5800000000001,5816
2026-07-17T13:30:00+00:00,361.5800000000001,361.5800000000001,348.8300000000001,349.2100000000001,7337
2026-07-17T13:45:00+00:00,349.2100000000001,353.7800000000001,348.8300000000001,353.73000000000013,6361
2026-07-17T14:00:00+00:00,353.73000000000013,354.7100000000001,353.2800000000001,354.0500000000001,5538
2026-07-17T14:15:00+00:00,354.0500000000001,354.3500000000001,351.73000000000013,352.4700000000001,3925
2026-07-17T14:30:00+00:00,352.4700000000001,354.0100000000001,352.0300000000001,353.9900000000001,3349
2026-07-17T14:45:00+00:00,353.9900000000001,355.3000000000001,352.76000000000005,352.9600000000001,3330.3874950219038
2026-07-17T15:00:00+00:00,352.9600000000001,354.0400000000001,352.2100000000001,353.2600000000001,2782
2026-07-17T15:15:00+00:00,353.2600000000001,354.4800000000001,353.0200000000001,354.2400000000001,2426
2026-07-17T15:30:00+00:00,354.2400000000001,355.1800000000001,353.8800000000001,355.1600000000001,3308
2026-07-17T15:45:00+00:00,355.1600000000001,355.4600000000001,354.2100000000001,354.5700000000001,2879
2026-07-17T16:00:00+00:00,354.5700000000001,354.7100000000001,353.2100000000001,353.3700000000001,3196
2026-07-17T16:15:00+00:00,353.3700000000001,354.4100000000001,352.9600000000001,353.8300000000001,3741
2026-07-17T16:30:00+00:00,353.8300000000001,354.1600000000001,352.9600000000001,353.7000000000001,2807
2026-07-17T16:45:00+00:00,353.7000000000001,354.6300000000001,353.3100000000001,354.3700000000001,2362
2026-07-17T17:00:00+00:00,354.3700000000001,354.9000000000001,353.0200000000001,353.1700000000001,2552
2026-07-17T17:15:00+00:00,353.1700000000001,353.4300000000001,352.5100000000001,352.5700000000001,2488
2026-07-17T17:30:00+00:00,352.5700000000001,352.7400000000001,351.1400000000001,351.2300000000001,2730
2026-07-17T17:45:00+00:00,351.2300000000001,351.6300000000001,350.4700000000001,351.0300000000001,2793
2026-07-17T18:00:00+00:00,351.0300000000001,351.86000000000007,350.1300000000001,350.1500000000001,2626
2026-07-17T18:15:00+00:00,350.1500000000001,351.4900000000001,350.0300000000001,351.3800000000001,2351
2026-07-17T18:30:00+00:00,351.3800000000001,352.6400000000001,351.3500000000001,351.9100000000001,2235
2026-07-17T18:45:00+00:00,351.9100000000001,352.4300000000001,351.3500000000001,352.3900000000001,1992
2026-07-17T19:00:00+00:00,352.3900000000001,352.6000000000001,351.8100000000001,352.3300000000001,2105
2026-07-17T19:15:00+00:00,352.3300000000001,352.8000000000001,352.0100000000001,352.6600000000001,2697
2026-07-17T19:30:00+00:00,352.6600000000001,352.8300000000001,351.3400000000001,352.3100000000001,3265
2026-07-17T19:45:00+00:00,352.3100000000001,354.6000000000001,352.1800000000001,353.7300000000001,3801
2026-07-20T13:30:00+00:00,353.7300000000001,361.7000000000001,352.0200000000001,361.3500000000001,3948
2026-07-20T13:45:00+00:00,361.3500000000001,362.4000000000001,359.7600000000001,361.56000000000006,4333
2026-07-20T14:00:00+00:00,361.56000000000006,362.9000000000001,361.2900000000001,361.9600000000001,3362
2026-07-20T14:15:00+00:00,361.9600000000001,362.9100000000001,361.44000000000005,361.80000000000007,2666
2026-07-20T14:30:00+00:00,361.80000000000007,362.4100000000001,359.9600000000001,360.0900000000001,2045
2026-07-20T14:45:00+00:00,360.0900000000001,360.75000000000006,359.2300000000001,359.55000000000007,1601
2026-07-20T15:00:00+00:00,359.55000000000007,360.43000000000006,359.24000000000007,359.75000000000006,2468
2026-07-20T15:15:00+00:00,359.75000000000006,360.19000000000005,359.1700000000001,360.1700000000001,2097
2026-07-20T15:30:00+00:00,360.1700000000001,361.00000000000006,359.86000000000007,360.55000000000007,1767
2026-07-20T15:45:00+00:00,360.55000000000007,360.6600000000001,359.74000000000007,359.75000000000006,1580
2026-07-20T16:00:00+00:00,359.75000000000006,359.8900000000001,358.62000000000006,358.81000000000006,1588
2026-07-20T16:15:00+00:00,358.81000000000006,359.0700000000001,358.2300000000001,358.4200000000001,1296
2026-07-20T16:30:00+00:00,358.4200000000001,359.11000000000007,357.62000000000006,358.2100000000001,1661
2026-07-20T16:45:00+00:00,358.2100000000001,358.9100000000001,357.69000000000005,357.7900000000001,1634
2026-07-20T17:00:00+00:00,357.7900000000001,357.8400000000001,355.6500000000001,355.7700000000001,2256
2026-07-20T17:15:00+00:00,355.7700000000001,356.62000000000006,355.30000000000007,356.0100000000001,2582
2026-07-20T17:30:00+00:00,356.0100000000001,356.49000000000007,355.61000000000007,356.4200000000001,1892
2026-07-20T17:45:00+00:00,356.4200000000001,356.9800000000001,356.1600000000001,356.3500000000001,1462
2026-07-20T18:00:00+00:00,356.3500000000001,356.7700000000001,355.7300000000001,356.18000000000006,2139
2026-07-20T18:15:00+00:00,356.18000000000006,356.4800000000001,355.0900000000001,355.2300000000001,1672
2026-07-20T18:30:00+00:00,355.2300000000001,355.25000000000006,354.0400000000001,354.2000000000001,2012
2026-07-20T18:45:00+00:00,354.2000000000001,354.8900000000001,354.0200000000001,354.80000000000007,1672
2026-07-20T19:00:00+00:00,354.80000000000007,355.7800000000001,354.75000000000006,355.1700000000001,1399
2026-07-20T19:15:00+00:00,355.1700000000001,355.50000000000006,355.0300000000001,355.36000000000007,1533
2026-07-20T19:30:00+00:00,355.36000000000007,356.3200000000001,355.36000000000007,356.0400000000001,1598
2026-07-20T19:45:00+00:00,356.0400000000001,356.37000000000006,354.44000000000005,355.05000000000007,3493
2026-07-21T13:30:00+00:00,355.05000000000007,355.05000000000007,350.4500000000001,352.7900000000001,4646
2026-07-21T13:45:00+00:00,352.7900000000001,353.19000000000005,351.0400000000001,352.7200000000001,4924
2026-07-21T14:00:00+00:00,352.7200000000001,352.94000000000005,351.8900000000001,352.4500000000001,3772
2026-07-21T14:15:00+00:00,352.4500000000001,352.94000000000005,351.5900000000001,352.2900000000001,3203
2026-07-21T14:30:00+00:00,352.2900000000001,352.30000000000007,350.8300000000001,351.12000000000006,2609
2026-07-21T14:45:00+00:00,351.12000000000006,352.6400000000001,351.1000000000001,351.74000000000007,2686
2026-07-21T15:00:00+00:00,351.74000000000007,352.9600000000001,350.8400000000001,351.5300000000001,4064
2026-07-21T15:15:00+00:00,351.5300000000001,351.9100000000001,350.7200000000001,350.9100000000001,2692
2026-07-21T15:30:00+00:00,350.9100000000001,352.4500000000001,350.8400000000001,352.2800000000001,2419
2026-07-21T15:45:00+00:00,352.2800000000001,352.8300000000001,351.9200000000001,352.0700000000001,1699
2026-07-21T16:00:00+00:00,352.0700000000001,352.4100000000001,351.7100000000001,352.31000000000006,1749
2026-07-21T16:15:00+00:00,352.31000000000006,352.5100000000001,351.80000000000007,352.4200000000001,1852
2026-07-21T16:30:00+00:00,352.4200000000001,352.8200000000001,352.1600000000001,352.4700000000001,2157
2026-07-21T16:45:00+00:00,352.4700000000001,352.56000000000006,351.6500000000001,352.1300000000001,1963
2026-07-21T17:00:00+00:00,352.1300000000001,352.4200000000001,351.56000000000006,351.8900000000001,1567
2026-07-21T17:15:00+00:00,351.8900000000001,351.9700000000001,351.69000000000005,351.8500000000001,1338
2026-07-21T17:30:00+00:00,351.8500000000001,352.1700000000001,351.7100000000001,352.0100000000001,1333
2026-07-21T17:45:00+00:00,352.0100000000001,352.11000000000007,351.75000000000006,351.99000000000007,903
2026-07-21T18:00:00+00:00,351.99000000000007,352.0200000000001,351.7000000000001,351.7300000000001,1113
2026-07-21T18:15:00+00:00,351.7300000000001,351.9600000000001,351.56000000000006,351.6700000000001,983
2026-07-21T18:30:00+00:00,351.6700000000001,351.74000000000007,351.24000000000007,351.3800000000001,1159
2026-07-21T18:45:00+00:00,351.3800000000001,351.80000000000007,351.25000000000006,351.44000000000005,1231
2026-07-21T19:00:00+00:00,351.44000000000005,352.43000000000006,351.30000000000007,352.4100000000001,1988
2026-07-21T19:15:00+00:00,352.4100000000001,352.4700000000001,351.86000000000007,352.2600000000001,1409
2026-07-21T19:30:00+00:00,352.2600000000001,352.49000000000007,351.44000000000005,351.8400000000001,1879
2026-07-21T19:45:00+00:00,351.8400000000001,351.9100000000001,349.5400000000001,349.8500000000001,3476
2026-07-22T13:30:00+00:00,349.8500000000001,351.30000000000007,349.05000000000007,349.69000000000005,4299
2026-07-22T13:45:00+00:00,349.69000000000005,351.5900000000001,349.6400000000001,351.2700000000001,5201
2026-07-22T14:00:00+00:00,351.2700000000001,352.8900000000001,350.6300000000001,351.05000000000007,5194
2026-07-22T14:15:00+00:00,351.05000000000007,351.5900000000001,350.2100000000001,350.8400000000001,4804
2026-07-22T14:30:00+00:00,350.8400000000001,351.7100000000001,350.4200000000001,350.8900000000001,3214
2026-07-22T14:45:00+00:00,350.8900000000001,351.3300000000001,350.19000000000005,350.9600000000001,2933
2026-07-22T15:00:00+00:00,350.9600000000001,351.50000000000006,350.12000000000006,350.4600000000001,3462
2026-07-22T15:15:00+00:00,350.4600000000001,350.74000000000007,349.81000000000006,350.1700000000001,3250
2026-07-22T15:30:00+00:00,350.1700000000001,350.55000000000007,349.74000000000007,350.0400000000001,2613
2026-07-22T15:45:00+00:00,350.0400000000001,350.6400000000001,350.0400000000001,350.6000000000001,1828
2026-07-22T16:00:00+00:00,350.6000000000001,350.62000000000006,350.0900000000001,350.4800000000001,1492
2026-07-22T16:15:00+00:00,350.4800000000001,351.1600000000001,350.4600000000001,350.8200000000001,2030
2026-07-22T16:30:00+00:00,350.8200000000001,350.9800000000001,350.2800000000001,350.4800000000001,1532
2026-07-22T16:45:00+00:00,350.4800000000001,350.9800000000001,350.3900000000001,350.5700000000001,1339
2026-07-22T17:00:00+00:00,350.5700000000001,350.6500000000001,350.1400000000001,350.5700000000001,1460
2026-07-22T17:15:00+00:00,350.5700000000001,351.0800000000001,350.55000000000007,350.5900000000001,1488
2026-07-22T17:30:00+00:00,350.5900000000001,351.05000000000007,350.3800000000001,350.6300000000001,1528
2026-07-22T17:45:00+00:00,350.6300000000001,350.7600000000001,349.74000000000007,349.75000000000006,1639
2026-07-22T18:00:00+00:00,349.75000000000006,350.0900000000001,349.3900000000001,349.4000000000001,1569
2026-07-22T18:15:00+00:00,349.4000000000001,349.5300000000001,349.1400000000001,349.43000000000006,1371
2026-07-22T18:30:00+00:00,349.43000000000006,349.75000000000006,349.06000000000006,349.5300000000001,1489
2026-07-22T18:45:00+00:00,349.5300000000001,350.0900000000001,349.1500000000001,349.1600000000001,1378
2026-07-22T19:00:00+00:00,349.1600000000001,349.2200000000001,348.5900000000001,348.9600000000001,2152
2026-07-22T19:15:00+00:00,348.9600000000001,349.0200000000001,348.24000000000007,348.37000000000006,2073
2026-07-22T19:30:00+00:00,348.37000000000006,348.7000000000001,347.56000000000006,348.4500000000001,3115
2026-07-22T19:45:00+00:00,348.4500000000001,348.6600000000001,345.11000000000007,345.81000000000006,6400
2026-07-23T13:30:00+00:00,345.81000000000006,345.81000000000006,323.6500000000001,323.6500000000001,7145
2026-07-23T13:45:00+00:00,323.6500000000001,324.56000000000006,321.43000000000006,323.6700000000001,6319
2026-07-23T14:00:00+00:00,323.6700000000001,324.49000000000007,321.0800000000001,321.1700000000001,4368
2026-07-23T14:15:00+00:00,321.1700000000001,321.8500000000001,320.13000000000005,321.7100000000001,3666
2026-07-23T14:30:00+00:00,321.7100000000001,323.1000000000001,320.4800000000001,322.20000000000005,3471
2026-07-23T14:45:00+00:00,322.20000000000005,322.20000000000005,320.3300000000001,320.6000000000001,3637
2026-07-23T15:00:00+00:00,320.6000000000001,320.7100000000001,318.80000000000007,318.88000000000005,4658
2026-07-23T15:15:00+00:00,318.88000000000005,320.6500000000001,318.45000000000005,320.05000000000007,3111
2026-07-23T15:30:00+00:00,320.05000000000007,322.3300000000001,320.05000000000007,321.6700000000001,2734
2026-07-23T15:45:00+00:00,321.6700000000001,323.2700000000001,321.1600000000001,322.80000000000007,3089
2026-07-23T16:00:00+00:00,322.80000000000007,323.95000000000005,321.93000000000006,323.6600000000001,3109
2026-07-23T16:15:00+00:00,323.6600000000001,325.0800000000001,323.6500000000001,324.4700000000001,3196
2026-07-23T16:30:00+00:00,324.4700000000001,324.94000000000005,322.68000000000006,322.68000000000006,3185
2026-07-23T16:45:00+00:00,322.68000000000006,323.62000000000006,322.38000000000005,323.5800000000001,2874
2026-07-23T17:00:00+00:00,323.5800000000001,323.7200000000001,322.87000000000006,323.57000000000005,2252
2026-07-23T17:15:00+00:00,323.57000000000005,324.51000000000005,323.4600000000001,324.0200000000001,1831
2026-07-23T17:30:00+00:00,324.0200000000001,324.0400000000001,323.07000000000005,323.4200000000001,2510
2026-07-23T17:45:00+00:00,323.4200000000001,323.5800000000001,322.88000000000005,323.24000000000007,2269
2026-07-23T18:00:00+00:00,323.24000000000007,323.99000000000007,323.2100000000001,323.9100000000001,2704
2026-07-23T18:15:00+00:00,323.9100000000001,324.0400000000001,323.30000000000007,323.4800000000001,1762
2026-07-23T18:30:00+00:00,323.4800000000001,323.4800000000001,322.13000000000005,322.68000000000006,1851
2026-07-23T18:45:00+00:00,322.68000000000006,323.07000000000005,321.9600000000001,322.2700000000001,2180
2026-07-23T19:00:00+00:00,322.2700000000001,322.70000000000005,321.76000000000005,321.9200000000001,1825
2026-07-23T19:15:00+00:00,321.9200000000001,322.4800000000001,321.80000000000007,322.11000000000007,3010
2026-07-23T19:30:00+00:00,322.11000000000007,322.4100000000001,321.32000000000005,321.86000000000007,2848
2026-07-23T19:45:00+00:00,321.86000000000007,322.86000000000007,321.56000000000006,321.7900000000001,5047
2026-07-24T13:30:00+00:00,321.7900000000001,324.4200000000001,321.05000000000007,323.80000000000007,3827
2026-07-24T13:45:00+00:00,323.80000000000007,327.4700000000001,323.25000000000006,325.86000000000007,4671
2026-07-24T14:00:00+00:00,325.86000000000007,326.50000000000006,323.11000000000007,324.3500000000001,4116
2026-07-24T14:15:00+00:00,324.3500000000001,324.9100000000001,323.32000000000005,323.3300000000001,2716
2026-07-24T14:30:00+00:00,323.3300000000001,323.3300000000001,321.19000000000005,321.2900000000001,2917
2026-07-24T14:45:00+00:00,321.2900000000001,323.44000000000005,321.05000000000007,323.44000000000005,2329
2026-07-24T15:00:00+00:00,323.44000000000005,324.25000000000006,323.07000000000005,324.05000000000007,2795
2026-07-24T15:15:00+00:00,324.05000000000007,325.0400000000001,322.80000000000007,324.8900000000001,2586
2026-07-24T15:30:00+00:00,324.8900000000001,325.2900000000001,324.06000000000006,324.0900000000001,2067
2026-07-24T15:45:00+00:00,324.0900000000001,324.2100000000001,323.1500000000001,323.4000000000001,1793
2026-07-24T16:00:00+00:00,323.4000000000001,323.4200000000001,322.56000000000006,322.81000000000006,1527
2026-07-24T16:15:00+00:00,322.81000000000006,323.3500000000001,322.62000000000006,322.6400000000001,1576
2026-07-24T16:30:00+00:00,322.6400000000001,322.8500000000001,321.70000000000005,322.18000000000006,2107
2026-07-24T16:45:00+00:00,322.18000000000006,322.6600000000001,321.80000000000007,322.43000000000006,2229
2026-07-24T17:00:00+00:00,322.43000000000006,323.26000000000005,321.9100000000001,323.07000000000005,2295
2026-07-24T17:15:00+00:00,323.07000000000005,323.8400000000001,322.9000000000001,323.49000000000007,2160
2026-07-24T17:30:00+00:00,323.49000000000007,323.8400000000001,322.70000000000005,322.70000000000005,1890
2026-07-24T17:45:00+00:00,322.70000000000005,323.2100000000001,322.4100000000001,323.0800000000001,1613
2026-07-24T18:00:00+00:00,323.0800000000001,324.18000000000006,322.9700000000001,323.9200000000001,1740
2026-07-24T18:15:00+00:00,323.9200000000001,324.19000000000005,323.1600000000001,323.18000000000006,2011
2026-07-24T18:30:00+00:00,323.18000000000006,323.3900000000001,322.4100000000001,322.43000000000006,2042
2026-07-24T18:45:00+00:00,322.43000000000006,322.70000000000005,322.11000000000007,322.4600000000001,1512
2026-07-24T19:00:00+00:00,322.4600000000001,323.32000000000005,322.45000000000005,323.0400000000001,2252
2026-07-24T19:15:00+00:00,323.0400000000001,323.2100000000001,322.4800000000001,322.55000000000007,1998
2026-07-24T19:30:00+00:00,322.55000000000007,323.32000000000005,322.30000000000007,323.31000000000006,2629
2026-07-24T19:45:00+00:00,323.31000000000006,323.55000000000007,322.2200000000001,322.6500000000001,3719
2026-07-27T13:30:00+00:00,322.6500000000001,332.18000000000006,322.6500000000001,331.70000000000005,3458
2026-07-27T13:45:00+00:00,331.70000000000005,332.36000000000007,330.3300000000001,330.75000000000006,6492
2026-07-27T14:00:00+00:00,330.75000000000006,333.1000000000001,330.56000000000006,332.8400000000001,5839
2026-07-27T14:15:00+00:00,332.8400000000001,333.57000000000005,329.81000000000006,329.8300000000001,6210
2026-07-27T14:30:00+00:00,329.8300000000001,330.0900000000001,328.06000000000006,328.44000000000005,6525
2026-07-27T14:45:00+00:00,328.44000000000005,331.80000000000007,328.44000000000005,331.12000000000006,4793
2026-07-27T15:00:00+00:00,331.12000000000006,333.25000000000006,330.9000000000001,332.88000000000005,3756
2026-07-27T15:15:00+00:00,332.88000000000005,332.94000000000005,331.3900000000001,331.7100000000001,4068
2026-07-27T15:30:00+00:00,331.7100000000001,331.7100000000001,330.62000000000006,331.06000000000006,4287
2026-07-27T15:45:00+00:00,331.06000000000006,332.4000000000001,330.7800000000001,331.9100000000001,3202
2026-07-27T16:00:00+00:00,331.9100000000001,332.56000000000006,331.2300000000001,331.36000000000007,2741
2026-07-27T16:15:00+00:00,331.36000000000007,332.0400000000001,330.9600000000001,331.30000000000007,3775
2026-07-27T16:30:00+00:00,331.30000000000007,331.74000000000007,330.75000000000006,330.81000000000006,2762
2026-07-27T16:45:00+00:00,330.81000000000006,331.2100000000001,329.86000000000007,330.07000000000005,2162
2026-07-27T17:00:00+00:00,330.07000000000005,330.3900000000001,329.3400000000001,330.31000000000006,2717
2026-07-27T17:15:00+00:00,330.31000000000006,330.7200000000001,329.94000000000005,330.20000000000005,1716
2026-07-27T17:30:00+00:00,330.20000000000005,330.3300000000001,329.6700000000001,329.8300000000001,1609
2026-07-27T17:45:00+00:00,329.8300000000001,330.25,329.76000000000005,329.76000000000005,1494.563427053354
2026-07-27T18:00:00+00:00,329.76000000000005,329.76000000000005,329.06,329.4700000000001,1196.162058712665
2026-07-27T18:15:00+00:00,329.4700000000001,329.4700000000001,328.9800000000001,329.36000000000007,1137
2026-07-27T18:30:00+00:00,329.36000000000007,329.82000000000005,328.9000000000001,329.7700000000001,2003
2026-07-27T18:45:00+00:00,329.7700000000001,331.0800000000001,329.6600000000001,330.7300000000001,1791
2026-07-27T19:00:00+00:00,330.7300000000001,330.7700000000001,330.19000000000005,330.5300000000001,1584
2026-07-27T19:15:00+00:00,330.5300000000001,330.9200000000001,330.5300000000001,330.68000000000006,1273
2026-07-27T19:30:00+00:00,330.68000000000006,331.1700000000001,330.51000000000005,330.75000000000006,1621
2026-07-27T19:45:00+00:00,330.75000000000006,330.7900000000001,329.3400000000001,329.86000000000007,3443
2026-07-28T13:30:00+00:00,329.86000000000007,333.3900000000001,328.43000000000006,328.8900000000001,6491
2026-07-28T13:45:00+00:00,328.8900000000001,330.9600000000001,327.80000000000007,328.50000000000006,8105
2026-07-28T14:00:00+00:00,328.50000000000006,330.9200000000001,328.3400000000001,330.2100000000001,6049
2026-07-28T14:15:00+00:00,330.2100000000001,331.13000000000005,329.86000000000007,330.9000000000001,7590
2026-07-28T14:30:00+00:00,330.9000000000001,331.25000000000006,330.30000000000007,331.13000000000005,5292
2026-07-28T14:45:00+00:00,331.13000000000005,332.19000000000005,330.9600000000001,331.7700000000001,3920
2026-07-28T15:00:00+00:00,331.7700000000001,333.4700000000001,331.76000000000005,333.37000000000006,5029
2026-07-28T15:15:00+00:00,333.37000000000006,335.99000000000007,333.30000000000007,335.2300000000001,5849
2026-07-28T15:30:00+00:00,335.2300000000001,336.5200000000001,335.1000000000001,336.11000000000007,4459
2026-07-28T15:45:00+00:00,336.11000000000007,336.3500000000001,335.06000000000006,336.24000000000007,3584
2026-07-28T16:00:00+00:00,336.24000000000007,336.36000000000007,335.61000000000007,335.9200000000001,3528
2026-07-28T16:15:00+00:00,335.9200000000001,336.9100000000001,335.88000000000005,336.20000000000005,2851
2026-07-28T16:30:00+00:00,336.20000000000005,336.6500000000001,335.70000000000005,336.3500000000001,2175
2026-07-28T16:45:00+00:00,336.3500000000001,337.18000000000006,336.12000000000006,337.1600000000001,1825
2026-07-28T17:00:00+00:00,337.1600000000001,337.4000000000001,336.30000000000007,336.9000000000001,2849
2026-07-28T17:15:00+00:00,336.9000000000001,337.8500000000001,336.87000000000006,337.62000000000006,2822
2026-07-28T17:30:00+00:00,337.62000000000006,338.44000000000005,337.30000000000007,337.38000000000005,2459
2026-07-28T17:45:00+00:00,337.38000000000005,338.4100000000001,337.18000000000006,338.37000000000006,2634
2026-07-28T18:00:00+00:00,338.37000000000006,338.37000000000006,336.8900000000001,337.2700000000001,2427
2026-07-28T18:15:00+00:00,337.2700000000001,337.87000000000006,337.00000000000006,337.4800000000001,2256
2026-07-28T18:30:00+00:00,337.4800000000001,338.1500000000001,337.1600000000001,338.0900000000001,2436
2026-07-28T18:45:00+00:00,338.0900000000001,338.49000000000007,337.7800000000001,337.8400000000001,1880
2026-07-28T19:00:00+00:00,337.8400000000001,338.0200000000001,336.6400000000001,336.9700000000001,2159
2026-07-28T19:15:00+00:00,336.9700000000001,337.0800000000001,336.4100000000001,336.9000000000001,2260
2026-07-28T19:30:00+00:00,336.9000000000001,337.2200000000001,336.4800000000001,336.8500000000001,2696
2026-07-28T19:45:00+00:00,336.8500000000001,336.93000000000006,335.43000000000006,336.00000000000006,5539
2026-07-29T13:30:00+00:00,336.00000000000006,338.8400000000001,335.9000000000001,337.00000000000006,3240
2026-07-29T13:45:00+00:00,337.00000000000006,337.61000000000007,334.32000000000005,334.9800000000001,5746
2026-07-29T14:00:00+00:00,334.9800000000001,335.44000000000005,333.61000000000007,333.88000000000005,4251
2026-07-29T14:15:00+00:00,333.88000000000005,335.88000000000005,333.7900000000001,334.57000000000005,2454
2026-07-29T14:30:00+00:00,334.57000000000005,335.5200000000001,334.4000000000001,334.94000000000005,2032
2026-07-29T14:45:00+00:00,334.94000000000005,336.75000000000006,334.8500000000001,336.3200000000001,2210.3235803853604
2026-07-29T15:00:00+00:00,336.3200000000001,337.7500000000001,335.8900000000001,336.5000000000001,3528
2026-07-29T15:15:00+00:00,336.5000000000001,337.0700000000001,335.86000000000007,336.0300000000001,3792
2026-07-29T15:30:00+00:00,336.0300000000001,336.8300000000001,335.5400000000001,335.9100000000001,3733
2026-07-29T15:45:00+00:00,335.9100000000001,336.3100000000001,334.6400000000001,335.1500000000001,4031
2026-07-29T16:00:00+00:00,335.1500000000001,337.1900000000001,335.1000000000001,336.4600000000001,3819
2026-07-29T16:15:00+00:00,336.4600000000001,338.1800000000001,336.3400000000001,337.9200000000001,4017
2026-07-29T16:30:00+00:00,337.9200000000001,338.1900000000001,337.0300000000001,337.5200000000001,3013
2026-07-29T16:45:00+00:00,337.5200000000001,339.0900000000001,337.3500000000001,338.9600000000001,2810
2026-07-29T17:00:00+00:00,338.9600000000001,340.1200000000001,338.3400000000001,339.9500000000001,4115
2026-07-29T17:15:00+00:00,339.9500000000001,340.6000000000001,339.55000000000007,339.5600000000001,4335
2026-07-29T17:30:00+00:00,339.5600000000001,339.7000000000001,338.3700000000001,338.7500000000001,4138
2026-07-29T17:45:00+00:00,338.7500000000001,340.4300000000001,338.6400000000001,340.3200000000001,2647
2026-07-29T18:00:00+00:00,340.3200000000001,342.7200000000001,340.30000000000007,341.74000000000007,6300
2026-07-29T18:15:00+00:00,341.74000000000007,342.7800000000001,341.6800000000001,342.5800000000001,4337
2026-07-29T18:30:00+00:00,342.5800000000001,343.9400000000001,341.8400000000001,343.7300000000001,5826
2026-07-29T18:45:00+00:00,343.7300000000001,345.2600000000001,343.55000000000007,344.5800000000001,4328
2026-07-29T19:00:00+00:00,344.5800000000001,345.0300000000001,342.6000000000001,343.0700000000001,6237
2026-07-29T19:15:00+00:00,343.0700000000001,343.4200000000001,339.4400000000001,340.0000000000001,5942
2026-07-29T19:30:00+00:00,340.0000000000001,340.2300000000001,338.2500000000001,339.0300000000001,6930
2026-07-29T19:45:00+00:00,339.0300000000001,340.0100000000001,337.7100000000001,339.1200000000001,8638
2026-07-30T13:30:00+00:00,339.1200000000001,339.1200000000001,334.1400000000001,334.6800000000001,4819
2026-07-30T13:45:00+00:00,334.6800000000001,336.5300000000001,333.0600000000001,335.0100000000001,8710
2026-07-30T14:00:00+00:00,335.0100000000001,338.0000000000001,334.49000000000007,335.6200000000001,7599
2026-07-30T14:15:00+00:00,335.6200000000001,336.2600000000001,334.3400000000001,334.36000000000007,6502
2026-07-30T14:30:00+00:00,334.36000000000007,336.36000000000007,334.2200000000001,335.1500000000001,5625
2026-07-30T14:45:00+00:00,335.1500000000001,336.1400000000001,334.7200000000001,335.5400000000001,4619
2026-07-30T15:00:00+00:00,335.5400000000001,335.6600000000001,334.3400000000001,334.5700000000001,5451
2026-07-30T15:15:00+00:00,334.5700000000001,335.11000000000007,333.99000000000007,334.2500000000001,4881
2026-07-30T15:30:00+00:00,334.2500000000001,336.5600000000001,334.1400000000001,336.3500000000001,3845
2026-07-30T15:45:00+00:00,336.3500000000001,336.9800000000001,335.61000000000007,335.61000000000007,3210
2026-07-30T16:00:00+00:00,335.61000000000007,337.1700000000001,335.55000000000007,336.7800000000001,2985
2026-07-30T16:15:00+00:00,336.7800000000001,337.9200000000001,336.6800000000001,337.6800000000001,2671
2026-07-30T16:30:00+00:00,337.6800000000001,338.2000000000001,337.2000000000001,337.4800000000001,3916
2026-07-30T16:45:00+00:00,337.4800000000001,337.6500000000001,336.4600000000001,337.5200000000001,3641
2026-07-30T17:00:00+00:00,337.5200000000001,338.1900000000001,337.36000000000007,337.3700000000001,3431
2026-07-30T17:15:00+00:00,337.3700000000001,337.4700000000001,335.8500000000001,335.9800000000001,3413
2026-07-30T17:30:00+00:00,335.9800000000001,337.5300000000001,335.55000000000007,336.4100000000001,4023
2026-07-30T17:45:00+00:00,336.4100000000001,337.8800000000001,335.5100000000001,336.3400000000001,2309
2026-07-30T18:00:00+00:00,336.3400000000001,336.5200000000001,335.4600000000001,335.9500000000001,1780
2026-07-30T18:15:00+00:00,335.9500000000001,336.30000000000007,335.3800000000001,335.4500000000001,1592
2026-07-30T18:30:00+00:00,335.4500000000001,337.3800000000001,335.36000000000007,337.36000000000007,1905
2026-07-30T18:45:00+00:00,337.36000000000007,338.11000000000007,337.3400000000001,337.9300000000001,762
2026-07-30T19:00:00+00:00,337.9300000000001,338.11000000000007,337.4100000000001,337.7200000000001,1036
2026-07-30T19:15:00+00:00,337.7200000000001,338.0000000000001,337.3400000000001,337.4200000000001,2220
2026-07-30T19:30:00+00:00,337.4200000000001,337.6500000000001,337.0700000000001,337.4300000000001,3623
2026-07-30T19:45:00+00:00,337.4300000000001,337.6600000000001,336.4700000000001,337.1900000000001,4366
2026-07-31T13:30:00+00:00,337.1900000000001,348.8100000000001,337.1900000000001,344.4400000000001,6297
2026-07-31T13:45:00+00:00,344.4400000000001,347.5600000000001,344.3400000000001,346.4300000000001,8621
2026-07-31T14:00:00+00:00,346.4300000000001,349.6900000000001,346.3700000000001,349.24000000000007,8338
2026-07-31T14:15:00+00:00,349.24000000000007,350.9200000000001,348.4800000000001,350.3800000000001,7800
2026-07-31T14:30:00+00:00,350.3800000000001,352.3200000000001,349.6900000000001,352.0100000000001,6180
2026-07-31T14:45:00+00:00,352.0100000000001,356.1700000000001,351.9800000000001,355.0700000000001,6866
2026-07-31T15:00:00+00:00,355.0700000000001,356.4000000000001,351.4100000000001,352.3800000000001,7530
2026-07-31T15:15:00+00:00,352.3800000000001,353.5800000000001,351.5600000000001,351.7100000000001,5750
2026-07-31T15:30:00+00:00,351.7100000000001,353.4700000000001,351.2500000000001,352.80000000000007,5376
2026-07-31T15:45:00+00:00,352.80000000000007,355.7100000000001,351.9600000000001,354.7600000000001,4603
2026-07-31T16:00:00+00:00,354.7600000000001,356.0300000000001,354.6300000000001,355.9400000000001,2917
2026-07-31T16:15:00+00:00,355.9400000000001,357.5900000000001,355.4600000000001,357.3900000000001,3346
2026-07-31T16:30:00+00:00,357.3900000000001,357.7700000000001,356.1300000000001,356.2900000000001,4170
2026-07-31T16:45:00+00:00,356.2900000000001,357.0000000000001,356.0300000000001,356.3500000000001,4048
2026-07-31T17:00:00+00:00,356.3500000000001,357.05000000000007,355.9400000000001,356.5300000000001,3888
2026-07-31T17:15:00+00:00,356.5300000000001,357.9000000000001,356.3800000000001,357.6300000000001,3187
2026-07-31T17:30:00+00:00,357.6300000000001,358.2000000000001,356.8100000000001,357.2800000000001,3723
2026-07-31T17:45:00+00:00,357.2800000000001,357.5700000000001,356.61000000000007,357.30000000000007,3378
2026-07-31T18:00:00+00:00,357.30000000000007,358.2800000000001,357.2200000000001,358.1800000000001,3482
2026-07-31T18:15:00+00:00,358.1800000000001,359.5600000000001,358.1600000000001,359.3700000000001,2804
2026-07-31T18:30:00+00:00,359.3700000000001,359.5900000000001,358.6300000000001,358.7100000000001,2887
2026-07-31T18:45:00+00:00,358.7100000000001,359.0600000000001,358.36000000000007,358.6400000000001,2894
2026-07-31T19:00:00+00:00,358.6400000000001,359.1600000000001,358.3800000000001,358.9200000000001,2879
2026-07-31T19:15:00+00:00,358.9200000000001,359.4600000000001,358.0000000000001,359.1000000000001,3237
2026-07-31T19:30:00+00:00,359.1000000000001,361.0200000000001,358.6400000000001,360.6900000000001,3825
2026-07-31T19:45:00+00:00,360.6900000000001,362.1700000000001,359.2500000000001,360.05000000000007,5122
